company_id,year,sales,operating_profit,net_profit,opm_percentage,eps,net_profit_margin,operating_margin,eps_growth,profit_growth
ABB,Dec 2012,1653,202.0,145,12.0,68.0,8.77,12.22,,
ABB,Mar 2014,2276,267.0,198,12.0,93.0,8.7,11.73,36.76,36.55
ABB,Mar 2015,2289,312.0,229,14.0,108.0,10.0,13.63,16.13,15.66
ABB,Mar 2016,2614,365.0,255,14.0,120.0,9.76,13.96,11.11,11.35
ABB,Mar 2017,2903,398.0,277,14.0,130.0,9.54,13.71,8.33,8.63
ABB,Mar 2018,3298,525.0,401,16.0,189.0,12.16,15.92,45.38,44.77
ABB,Mar 2019,3679,605.0,450,16.0,212.0,12.23,16.44,12.17,12.22
ABB,Mar 2020,4093,757.0,593,18.0,279.0,14.49,18.49,31.6,31.78
ABB,Mar 2021,4310,922.0,691,21.0,325.0,16.03,21.39,16.49,16.53
ABB,Mar 2022,4913,1082.0,799,22.0,376.0,16.26,22.02,15.69,15.63
ABB,Mar 2023,5349,1206.0,949,23.0,447.0,17.74,22.55,18.88,18.77
ABB,Mar 2024,5849,1453.0,1201,25.0,565.0,20.53,24.84,26.4,26.55
ABB,TTM,6066,1547.0,1285,26.0,605.0,21.18,25.5,7.08,6.99
ADANIENSOL,Mar 2014,0,0.0,0,,0.0,,,,
ADANIENSOL,Mar 2015,131,101.0,-7,78.0,0.0,-5.34,77.1,,-inf
ADANIENSOL,Mar 2016,2194,1927.0,368,88.0,3.0,16.77,87.83,inf,-5357.14
ADANIENSOL,Mar 2017,2876,1983.0,416,69.0,4.0,14.46,68.95,33.33,13.04
ADANIENSOL,Mar 2018,3944,2826.0,1143,72.0,10.0,28.98,71.65,150.0,174.76
ADANIENSOL,Mar 2019,7305,2778.0,559,38.0,5.0,7.65,38.03,-50.0,-51.09
ADANIENSOL,Mar 2020,11416,4258.0,706,37.0,7.0,6.18,37.3,40.0,26.3
ADANIENSOL,Mar 2021,9926,3950.0,1290,40.0,11.0,13.0,39.79,57.14,82.72
ADANIENSOL,Mar 2022,11258,4206.0,1236,37.0,11.0,10.98,37.36,0.0,-4.19
ADANIENSOL,Mar 2023,13293,4518.0,1281,34.0,11.0,9.64,33.99,0.0,3.64
ADANIENSOL,Mar 2024,16607,5711.0,1196,30.0,10.0,7.2,34.39,-9.09,-6.64
ADANIENSOL,TTM,22099,6592.0,589,,6.0,2.67,29.83,-40.0,-50.75
ADANIENT,Mar 2013,46375,6021.0,1218,13.0,15.0,2.63,12.98,,
ADANIENT,Mar 2014,54947,9383.0,2646,17.0,20.0,4.82,17.08,33.33,117.24
ADANIENT,Mar 2015,64465,12450.0,2298,19.0,18.0,3.56,19.31,-10.0,-13.15
ADANIENT,Mar 2016,34008,1684.0,1000,5.0,9.0,2.94,4.95,-50.0,-56.48
ADANIENT,Mar 2017,36533,1902.0,925,5.0,9.0,2.53,5.21,0.0,-7.5
ADANIENT,Mar 2018,35924,2038.0,594,6.0,7.0,1.65,5.67,-22.22,-35.78
ADANIENT,Mar 2019,40379,1969.0,506,5.0,7.0,1.25,4.88,0.0,-14.81
ADANIENT,Mar 2020,43403,2294.0,1040,5.0,10.0,2.4,5.29,42.86,105.53
ADANIENT,Mar 2021,39537,2506.0,1046,6.0,8.0,2.65,6.34,-20.0,0.58
ADANIENT,Mar 2022,69420,3714.0,788,5.0,7.0,1.14,5.35,-12.5,-24.67
ADANIENT,Mar 2023,127540,8818.0,2422,7.0,22.0,1.9,6.91,214.29,207.36
ADANIENT,Mar 2024,96421,11377.0,3335,12.0,28.0,3.46,11.8,27.27,37.7
ADANIENT,TTM,102311,13893.0,6086,14.0,49.0,5.95,13.58,75.0,82.49
ADANIGREEN,Mar 2017,502,403.0,-47,80.0,0.0,-9.36,80.28,,
ADANIGREEN,Mar 2018,1480,843.0,-138,57.0,-1.0,-9.32,56.96,-inf,193.62
ADANIGREEN,Mar 2019,2058,1526.0,-475,74.0,-3.0,-23.08,74.15,200.0,244.2
ADANIGREEN,Mar 2020,2549,1450.0,-68,57.0,0.0,-2.67,56.89,-100.0,-85.68
ADANIGREEN,Mar 2021,3124,2241.0,182,72.0,1.0,5.83,71.73,inf,-367.65
ADANIGREEN,Mar 2022,5133,3512.0,489,68.0,3.0,9.53,68.42,200.0,168.68
ADANIGREEN,Mar 2023,7776,4970.0,973,64.0,6.0,12.51,63.91,100.0,98.98
ADANIGREEN,Mar 2024,9220,7318.0,1260,79.0,7.0,13.67,79.37,16.67,29.5
ADANIGREEN,TTM,10782,8100.0,1928,75.0,9.0,17.88,75.13,28.57,53.02
ADANIPORTS,Mar 2013,3577,2382.0,1639,67.0,8.0,45.82,66.59,,
ADANIPORTS,Mar 2014,4830,2919.0,1741,60.0,8.0,36.05,60.43,0.0,6.22
ADANIPORTS,Mar 2015,6152,3902.0,2324,63.0,11.0,37.78,63.43,37.5,33.49
ADANIPORTS,Mar 2016,7109,4577.0,2856,64.0,14.0,40.17,64.38,27.27,22.89
ADANIPORTS,Mar 2017,8439,5418.0,3902,64.0,19.0,46.24,64.2,35.71,36.62
ADANIPORTS,Mar 2018,11323,7157.0,3690,63.0,18.0,32.59,63.21,-5.26,-5.43
ADANIPORTS,Mar 2019,10925,6596.0,4045,60.0,19.0,37.03,60.38,5.56,9.62
ADANIPORTS,Mar 2020,11873,5947.0,3785,50.0,19.0,31.88,50.09,0.0,-6.43
ADANIPORTS,Mar 2021,12550,8688.0,5049,69.0,25.0,40.23,69.23,31.58,33.39
ADANIPORTS,Mar 2022,17119,9528.0,4953,56.0,23.0,28.93,55.66,-8.0,-1.9
ADANIPORTS,Mar 2023,20852,10947.0,5391,52.0,25.0,25.85,52.5,8.7,8.84
ADANIPORTS,Mar 2024,26711,15589.0,8104,58.0,38.0,30.34,58.36,52.0,50.32
ADANIPORTS,TTM,28443,17165.0,9743,60.0,45.0,34.25,60.35,18.42,20.22
ADANIPORTS,Mar 2013,3577,2382.0,1639,67.0,8.0,45.82,66.59,-82.22,-83.18
ADANIPORTS,Mar 2014,4830,2919.0,1741,60.0,8.0,36.05,60.43,0.0,6.22
ADANIPORTS,Mar 2015,6152,3902.0,2324,63.0,11.0,37.78,63.43,37.5,33.49
ADANIPORTS,Mar 2016,7109,4577.0,2856,64.0,14.0,40.17,64.38,27.27,22.89
ADANIPORTS,Mar 2017,8439,5418.0,3902,64.0,19.0,46.24,64.2,35.71,36.62
ADANIPORTS,Mar 2018,11323,7157.0,3690,63.0,18.0,32.59,63.21,-5.26,-5.43
ADANIPORTS,Mar 2019,10925,6596.0,4045,60.0,19.0,37.03,60.38,5.56,9.62
ADANIPORTS,Mar 2020,11873,5947.0,3785,50.0,19.0,31.88,50.09,0.0,-6.43
ADANIPORTS,Mar 2021,12550,8688.0,5049,69.0,25.0,40.23,69.23,31.58,33.39
ADANIPORTS,Mar 2022,17119,9528.0,4953,56.0,23.0,28.93,55.66,-8.0,-1.9
ADANIPORTS,Mar 2023,20852,10947.0,5391,52.0,25.0,25.85,52.5,8.7,8.84
ADANIPORTS,Mar 2024,26711,15589.0,8104,58.0,38.0,30.34,58.36,52.0,50.32
ADANIPORTS,TTM,28443,17165.0,9743,60.0,45.0,34.25,60.35,18.42,20.22
ADANIPOWER,Mar 2013,6692,960.0,-2295,14.0,-10.0,-34.29,14.35,,
ADANIPOWER,Mar 2014,15328,4593.0,-291,30.0,-1.0,-1.9,29.96,-90.0,-87.32
ADANIPOWER,Mar 2015,18683,4678.0,-816,25.0,-3.0,-4.37,25.04,200.0,180.41
ADANIPOWER,Mar 2016,25377,8802.0,551,35.0,2.0,2.17,34.68,-166.67,-167.52
ADANIPOWER,Mar 2017,22616,5980.0,-6174,26.0,-16.0,-27.3,26.44,-900.0,-1220.51
ADANIPOWER,Mar 2018,20304,5436.0,-2103,27.0,-5.0,-10.36,26.77,-68.75,-65.94
ADANIPOWER,Mar 2019,23884,4983.0,-984,21.0,-3.0,-4.12,20.86,-40.0,-53.21
ADANIPOWER,Mar 2020,26468,5734.0,-2275,22.0,-6.0,-8.6,21.66,100.0,131.2
ADANIPOWER,Mar 2021,26221,8688.0,1270,33.0,3.0,4.84,33.13,-150.0,-155.82
ADANIPOWER,Mar 2022,27711,9881.0,4912,36.0,13.0,17.73,35.66,333.33,286.77
ADANIPOWER,Mar 2023,38773,10096.0,10727,26.0,28.0,27.67,26.04,115.38,118.38
ADANIPOWER,Mar 2024,50351,18228.0,20829,36.0,54.0,41.37,36.2,92.86,94.17
ADANIPOWER,TTM,54650,20965.0,12686,38.0,33.0,23.21,38.36,-38.89,-39.09
AMBUJACEM,Dec 2012,9749,2473.0,1292,25.0,8.0,13.25,25.37,,
AMBUJACEM,Dec 2013,9161,1669.0,1278,18.0,8.0,13.95,18.22,0.0,-1.08
AMBUJACEM,Dec 2014,9955,1934.0,1487,19.0,10.0,14.94,19.43,25.0,16.35
AMBUJACEM,Dec 2015,9437,1542.0,808,16.0,5.0,8.56,16.34,-50.0,-45.66
AMBUJACEM,Dec 2016,20094,3181.0,1434,16.0,6.0,7.14,15.83,20.0,77.48
AMBUJACEM,Dec 2017,23609,3858.0,1945,16.0,8.0,8.24,16.34,33.33,35.63
AMBUJACEM,Dec 2018,26041,4011.0,2973,15.0,11.0,11.42,15.4,37.5,52.85
AMBUJACEM,Dec 2019,27104,4597.0,2783,17.0,11.0,10.27,16.96,0.0,-6.39
AMBUJACEM,Dec 2020,24516,5006.0,3107,20.0,12.0,12.67,20.42,9.09,11.64
AMBUJACEM,Dec 2021,28965,6210.0,3711,21.0,14.0,12.81,21.44,16.67,19.44
AMBUJACEM,Mar 2023 15,38937,5122.0,3024,13.0,13.0,7.77,13.15,-7.14,-18.51
AMBUJACEM,Mar 2024,33160,6400.0,4738,19.0,16.0,14.29,19.3,23.08,56.68
AMBUJACEM,TTM,32850,5822.0,3871,18.0,13.0,11.78,17.72,-18.75,-18.3
APOLLOHOSP,Mar 2013,3769,612.0,303,16.0,22.0,8.04,16.24,,
APOLLOHOSP,Mar 2014,4357,676.0,315,16.0,23.0,7.23,15.52,4.55,3.96
APOLLOHOSP,Mar 2015,5129,737.0,335,14.0,24.0,6.53,14.37,4.35,6.35
APOLLOHOSP,Mar 2016,6150,684.0,235,11.0,17.0,3.82,11.12,-29.17,-29.85
APOLLOHOSP,Mar 2017,7256,734.0,131,10.0,16.0,1.81,10.12,-5.88,-44.26
APOLLOHOSP,Mar 2018,8243,801.0,60,10.0,8.0,0.73,9.72,-50.0,-54.2
APOLLOHOSP,Mar 2019,9617,1070.0,200,11.0,17.0,2.08,11.13,112.5,233.33
APOLLOHOSP,Mar 2020,11247,1591.0,432,14.0,33.0,3.84,14.15,94.12,116.0
APOLLOHOSP,Mar 2021,10560,1140.0,137,11.0,10.0,1.3,10.8,-69.7,-68.29
APOLLOHOSP,Mar 2022,14663,2189.0,1108,15.0,73.0,7.56,14.93,630.0,708.76
APOLLOHOSP,Mar 2023,16612,2065.0,844,12.0,57.0,5.08,12.43,-21.92,-23.83
APOLLOHOSP,Mar 2024,19059,2394.0,935,13.0,63.0,4.91,12.56,10.53,10.78
APOLLOHOSP,TTM,20469,2745.0,1224,13.0,82.0,5.98,13.41,30.16,30.91
ASIANPAINT,Mar 2013,10504,1737.0,1160,17.0,12.0,11.04,16.54,,
ASIANPAINT,Mar 2014,12220,2004.0,1263,16.0,13.0,10.34,16.4,8.33,8.88
ASIANPAINT,Mar 2015,13615,2243.0,1427,16.0,15.0,10.48,16.47,15.38,12.98
ASIANPAINT,Mar 2016,14271,2725.0,1803,19.0,18.0,12.63,19.09,20.0,26.35
ASIANPAINT,Mar 2017,15062,2994.0,2016,20.0,20.0,13.38,19.88,11.11,11.81
ASIANPAINT,Mar 2018,16825,3204.0,2098,19.0,21.0,12.47,19.04,5.0,4.07
ASIANPAINT,Mar 2019,19240,3765.0,2208,20.0,22.0,11.48,19.57,4.76,5.24
ASIANPAINT,Mar 2020,20211,4157.0,2774,21.0,28.0,13.73,20.57,27.27,25.63
ASIANPAINT,Mar 2021,21713,4856.0,3207,22.0,33.0,14.77,22.36,17.86,15.61
ASIANPAINT,Mar 2022,29101,4804.0,3085,17.0,32.0,10.6,16.51,-3.03,-3.8
ASIANPAINT,Mar 2023,34489,6260.0,4195,18.0,43.0,12.16,18.15,34.38,35.98
ASIANPAINT,Mar 2024,35495,7585.0,5558,21.0,57.0,15.66,21.37,32.56,32.49
ASIANPAINT,TTM,34831,6681.0,4631,19.0,48.0,13.3,19.18,-15.79,-16.68
ATGL,Mar 2018,1374,366.0,162,27.0,6.0,11.79,26.64,,
ATGL,Mar 2019,1719,455.0,229,26.0,2.0,13.32,26.47,-66.67,41.36
ATGL,Mar 2020,1875,595.0,436,32.0,4.0,23.25,31.73,100.0,90.39
ATGL,Mar 2021,1696,704.0,463,42.0,4.0,27.3,41.51,0.0,6.19
ATGL,Mar 2022,3038,773.0,509,25.0,5.0,16.75,25.44,25.0,9.94
ATGL,Mar 2023,4378,870.0,546,20.0,5.0,12.47,19.87,0.0,7.27
ATGL,Mar 2024,4475,1104.0,668,25.0,6.0,14.93,24.67,20.0,22.34
ATGL,TTM,4826,1153.0,668,24.0,6.0,13.84,23.89,0.0,0.0
BAJAJ-AUTO,Mar 2013,20025,3656.0,3133,18.0,108.0,15.65,18.26,,
BAJAJ-AUTO,Mar 2014,20137,4163.0,3380,21.0,117.0,16.79,20.67,8.33,7.88
BAJAJ-AUTO,Mar 2015,21595,4128.0,3026,19.0,105.0,14.01,19.12,-10.26,-10.47
BAJAJ-AUTO,Mar 2016,22574,4793.0,4061,21.0,140.0,17.99,21.23,33.33,34.2
BAJAJ-AUTO,Mar 2017,21755,4429.0,4079,20.0,141.0,18.75,20.36,0.71,0.44
BAJAJ-AUTO,Mar 2018,25210,4846.0,4219,19.0,146.0,16.74,19.22,3.55,3.43
BAJAJ-AUTO,Mar 2019,30358,5198.0,4928,17.0,170.0,16.23,17.12,16.44,16.8
BAJAJ-AUTO,Mar 2020,29919,5109.0,5212,17.0,180.0,17.42,17.08,5.88,5.76
BAJAJ-AUTO,Mar 2021,27741,4938.0,4857,18.0,168.0,17.51,17.8,-6.67,-6.81
BAJAJ-AUTO,Mar 2022,33145,5259.0,6166,16.0,213.0,18.6,15.87,26.79,26.95
BAJAJ-AUTO,Mar 2023,36455,6465.0,6060,18.0,214.0,16.62,17.73,0.47,-1.72
BAJAJ-AUTO,Mar 2024,44870,8765.0,7708,20.0,276.0,17.18,19.53,28.97,27.19
BAJAJ-AUTO,TTM,48900,9143.0,7371,19.0,263.0,15.07,18.7,-4.71,-4.37
AXISBANK,Mar 2013,27183,8313.0,5179,1353.0,22.0,19.05,30.58,,
AXISBANK,Mar 2014,30641,9644.0,6218,2307.0,26.0,20.29,31.47,18.18,20.06
AXISBANK,Mar 2015,35479,11127.0,7358,3097.0,31.0,20.74,31.36,19.23,18.33
AXISBANK,Mar 2016,40988,13367.0,8224,3466.0,35.0,20.06,32.61,12.9,11.77
AXISBANK,Mar 2017,44542,23808.0,3679,-5715.0,15.0,8.26,53.45,-57.14,-55.27
AXISBANK,Mar 2018,45780,28895.0,276,-10277.0,1.0,0.6,63.12,-93.33,-92.5
AXISBANK,Mar 2019,54986,27155.0,4677,-5447.0,18.0,8.51,49.39,1700.0,1594.57
AXISBANK,Mar 2020,62635,35066.0,1627,-9859.0,6.0,2.6,55.98,-66.67,-65.21
AXISBANK,Mar 2021,63346,31749.0,6588,-2510.0,22.0,10.4,50.12,266.67,304.92
AXISBANK,Mar 2022,67377,29962.0,13025,3170.0,42.0,19.33,44.47,90.91,97.71
AXISBANK,Mar 2023,85164,29089.0,9580,13857.0,31.0,11.25,34.16,-26.19,-26.45
AXISBANK,Mar 2024,109369,37943.0,24861,11952.0,81.0,22.73,34.69,161.29,159.51
AXISBANK,TTM,120659,44566.0,26386,9061.0,85.0,21.87,36.94,4.94,6.13
BAJAJFINSV,Mar 2013,8055,3931.0,2214,49.0,10.0,27.49,48.8,,
BAJAJFINSV,Mar 2014,6023,4491.0,2191,75.0,10.0,36.38,74.56,0.0,-1.04
BAJAJFINSV,Mar 2015,11335,5511.0,2409,49.0,11.0,21.25,48.62,10.0,9.95
BAJAJFINSV,Mar 2016,20533,6739.0,2775,33.0,12.0,13.51,32.82,9.09,15.19
BAJAJFINSV,Mar 2017,24507,8713.0,3450,36.0,14.0,14.08,35.55,16.67,24.32
BAJAJFINSV,Mar 2018,32862,10788.0,4176,33.0,17.0,12.71,32.83,21.43,21.04
BAJAJFINSV,Mar 2019,42605,15037.0,5374,35.0,20.0,12.61,35.29,17.65,28.69
BAJAJFINSV,Mar 2020,54351,18258.0,5994,34.0,21.0,11.03,33.59,5.0,11.54
BAJAJFINSV,Mar 2021,60592,19641.0,7367,32.0,28.0,12.16,32.42,33.33,22.91
BAJAJFINSV,Mar 2022,68406,21455.0,8314,31.0,29.0,12.15,31.36,3.57,12.85
BAJAJFINSV,Mar 2023,82072,29868.0,12210,36.0,40.0,14.88,36.39,37.93,46.86
BAJAJFINSV,Mar 2024,110382,40886.0,15595,37.0,51.0,14.13,37.04,27.5,27.72
BAJAJFINSV,TTM,126263,45479.0,16520,36.0,53.0,13.08,36.02,3.92,5.93
BAJAJHLDNG,Mar 2013,337,322.0,1856,95.0,167.0,550.74,95.55,,
BAJAJHLDNG,Mar 2014,423,400.0,1988,94.0,179.0,469.98,94.56,7.19,7.11
BAJAJHLDNG,Mar 2015,524,484.0,2029,92.0,182.0,387.21,92.37,1.68,2.06
BAJAJHLDNG,Mar 2016,470,429.0,2265,91.0,204.0,481.91,91.28,12.09,11.63
BAJAJHLDNG,Mar 2017,842,628.0,2473,75.0,222.0,293.71,74.58,8.82,9.18
BAJAJHLDNG,Mar 2018,420,355.0,2655,85.0,239.0,632.14,84.52,7.66,7.36
BAJAJHLDNG,Mar 2019,431,347.0,3048,80.0,274.0,707.19,80.51,14.64,14.8
BAJAJHLDNG,Mar 2020,435,301.0,3080,69.0,269.0,708.05,69.2,-1.82,1.05
BAJAJHLDNG,Mar 2021,457,352.0,3654,77.0,328.0,799.56,77.02,21.93,18.64
BAJAJHLDNG,Mar 2022,484,367.0,4126,76.0,364.0,852.48,75.83,10.98,12.92
BAJAJHLDNG,Mar 2023,522,380.0,4946,73.0,436.0,947.51,72.8,19.78,19.87
BAJAJHLDNG,Mar 2024,1702,1562.0,7365,92.0,653.0,432.73,91.77,49.77,48.91
BAJAJHLDNG,TTM,1733,1554.0,7486,90.0,666.0,431.97,89.67,1.99,1.64
BAJFINANCE,Mar 2015,5392,1752.0,898,1367.0,18.0,16.65,32.49,,
BAJFINANCE,Mar 2016,7299,2354.0,1279,1986.0,24.0,17.52,32.25,33.33,42.43
BAJFINANCE,Mar 2017,9970,3250.0,1836,2867.0,33.0,18.42,32.6,37.5,43.55
BAJFINANCE,Mar 2018,12746,4115.0,2496,3935.0,43.0,19.58,32.28,30.3,35.95
BAJFINANCE,Mar 2019,18487,5454.0,3995,6310.0,69.0,21.61,29.5,60.47,60.06
BAJFINANCE,Mar 2020,26374,9159.0,5264,7608.0,87.0,19.96,34.73,26.09,31.76
BAJFINANCE,Mar 2021,26673,10839.0,4420,6314.0,73.0,16.57,40.64,-16.09,-16.03
BAJFINANCE,Mar 2022,31641,11880.0,7028,9906.0,116.0,22.21,37.55,58.9,59.0
BAJFINANCE,Mar 2023,41411,12693.0,11508,16018.0,190.0,27.79,30.65,63.79,63.75
BAJFINANCE,Mar 2024,54972,16099.0,14451,19987.0,233.0,26.29,29.29,22.63,25.57
BAJFINANCE,TTM,62279,18943.0,15389,21417.0,248.0,24.71,30.42,6.44,6.49
BANKBARODA,Mar 2013,36442,10950.0,4829,1006.0,23.0,13.25,30.05,,
BANKBARODA,Mar 2014,40463,12049.0,5036,809.0,23.0,12.45,29.78,0.0,4.29
BANKBARODA,Mar 2015,44915,13466.0,3950,902.0,18.0,8.79,29.98,-21.74,-21.56
BANKBARODA,Mar 2016,45799,25391.0,-5033,-11700.0,-22.0,-10.99,55.44,-222.22,-227.42
BANKBARODA,Mar 2017,44473,19250.0,1855,-4372.0,8.0,4.17,43.28,-136.36,-136.86
BANKBARODA,Mar 2018,46056,26093.0,-1836,-9197.0,-7.0,-3.99,56.65,-187.5,-198.98
BANKBARODA,Mar 2019,52906,25815.0,1166,-5414.0,4.0,2.2,48.79,-157.14,-163.51
BANKBARODA,Mar 2020,78895,40583.0,981,-11728.0,2.0,1.24,51.44,-50.0,-15.87
BANKBARODA,Mar 2021,74314,38070.0,1620,-6957.0,3.0,2.18,51.23,50.0,65.14
BANKBARODA,Mar 2022,73385,37518.0,7933,-2948.0,15.0,10.81,51.12,400.0,389.69
BANKBARODA,Mar 2023,94503,38231.0,15005,6329.0,29.0,15.88,40.45,93.33,89.15
BANKBARODA,Mar 2024,118379,44379.0,18869,4102.0,36.0,15.94,37.49,24.14,25.75
BANKBARODA,TTM,124144,46459.0,20144,3526.0,39.0,16.23,37.42,8.33,6.76
BHARTIARTL,Mar 2013,76947,22960.0,2267,30.0,4.0,2.95,29.84,,
BHARTIARTL,Mar 2014,85864,26512.0,3019,31.0,5.0,3.52,30.88,25.0,33.17
BHARTIARTL,Mar 2015,96101,33602.0,5048,35.0,8.0,5.25,34.97,60.0,67.21
BHARTIARTL,Mar 2016,96532,33984.0,6893,35.0,11.0,7.14,35.2,37.5,36.55
BHARTIARTL,Mar 2017,95468,35330.0,4241,37.0,7.0,4.44,37.01,-36.36,-38.47
BHARTIARTL,Mar 2018,82639,30079.0,2184,36.0,2.0,2.64,36.4,-71.43,-48.5
BHARTIARTL,Mar 2019,80780,25764.0,1688,32.0,1.0,2.09,31.89,-50.0,-22.71
BHARTIARTL,Mar 2020,87539,36610.0,-30664,42.0,-55.0,-35.03,41.82,-5600.0,-1916.59
BHARTIARTL,Mar 2021,100616,45279.0,-12364,45.0,-26.0,-12.29,45.0,-52.73,-59.68
BHARTIARTL,Mar 2022,116547,57534.0,8305,49.0,7.0,7.13,49.37,-126.92,-167.17
BHARTIARTL,Mar 2023,139145,71274.0,12287,51.0,15.0,8.83,51.22,114.29,47.95
BHARTIARTL,Mar 2024,149982,78292.0,8558,52.0,13.0,5.71,52.2,-13.33,-30.35
BHARTIARTL,TTM,155478,80733.0,13816,52.0,22.0,8.89,51.93,69.23,61.44
BEL,Mar 2013,6273,669.0,911,11.0,1.0,14.52,10.66,,
BEL,Mar 2014,6518,925.0,952,14.0,1.0,14.61,14.19,0.0,4.5
BEL,Mar 2015,7093,1179.0,1197,17.0,2.0,16.88,16.62,100.0,25.74
BEL,Mar 2016,7354,1393.0,1337,19.0,2.0,18.18,18.94,0.0,11.7
BEL,Mar 2017,8656,1792.0,1523,21.0,2.0,17.59,20.7,0.0,13.91
BEL,Mar 2018,10401,2039.0,1431,20.0,2.0,13.76,19.6,0.0,-6.04
BEL,Mar 2019,12164,2909.0,1887,24.0,3.0,15.51,23.91,50.0,31.87
BEL,Mar 2020,12968,2759.0,1825,21.0,3.0,14.07,21.28,0.0,-3.29
BEL,Mar 2021,14109,3214.0,2100,23.0,3.0,14.88,22.78,0.0,15.07
BEL,Mar 2022,15368,3344.0,2400,22.0,3.0,15.62,21.76,0.0,14.29
BEL,Mar 2023,17734,4090.0,2986,23.0,4.0,16.84,23.06,33.33,24.42
BEL,Mar 2024,20268,5051.0,3985,25.0,5.0,19.66,24.92,25.0,33.46
BEL,TTM,21575,5708.0,4541,26.0,6.0,21.05,26.46,20.0,13.95
BHEL,Mar 2013,48903,9483.0,6693,19.0,18.0,13.69,19.39,,
BHEL,Mar 2014,39561,4579.0,3502,12.0,10.0,8.85,11.57,-44.44,-47.68
BHEL,Mar 2015,31323,2141.0,1450,7.0,4.0,4.63,6.84,-60.0,-58.6
BHEL,Mar 2016,25505,-1357.0,-706,-5.0,-2.0,-2.77,-5.32,-150.0,-148.69
BHEL,Mar 2017,28465,1095.0,455,4.0,1.0,1.6,3.85,-150.0,-164.45
BHEL,Mar 2018,28827,1653.0,438,6.0,1.0,1.52,5.73,0.0,-3.74
BHEL,Mar 2019,30441,2032.0,1002,7.0,3.0,3.29,6.68,200.0,128.77
BHEL,Mar 2020,21463,-133.0,-1468,-1.0,-4.0,-6.84,-0.62,-233.33,-246.51
BHEL,Mar 2021,17309,-3049.0,-2700,-18.0,-8.0,-15.6,-17.62,100.0,83.92
BHEL,Mar 2022,21211,828.0,445,4.0,1.0,2.1,3.9,-112.5,-116.48
BHEL,Mar 2023,23365,1044.0,654,4.0,2.0,2.8,4.47,100.0,46.97
BHEL,Mar 2024,23893,711.0,282,3.0,1.0,1.18,2.98,-50.0,-56.88
BHEL,TTM,25833,1050.0,445,4.0,1.0,1.72,4.06,0.0,57.8
BOSCHLTD,Dec 2012,8659,1350.0,958,16.0,305.0,11.06,15.59,,
BOSCHLTD,Dec 2013,8757,1289.0,885,15.0,282.0,10.11,14.72,-7.54,-7.62
BOSCHLTD,Mar 2015,12086,1981.0,1338,16.0,426.0,11.07,16.39,51.06,51.19
BOSCHLTD,Mar 2016,9701,1878.0,1531,19.0,488.0,15.78,19.36,14.55,14.42
BOSCHLTD,Mar 2017,10435,1963.0,1741,19.0,570.0,16.68,18.81,16.8,13.72
BOSCHLTD,Mar 2018,11690,2093.0,1371,18.0,449.0,11.73,17.9,-21.23,-21.25
BOSCHLTD,Mar 2019,12085,2154.0,1598,18.0,542.0,13.22,17.82,20.71,16.56
BOSCHLTD,Mar 2020,9842,1483.0,650,15.0,220.0,6.6,15.07,-59.41,-59.32
BOSCHLTD,Mar 2021,9718,1163.0,482,12.0,164.0,4.96,11.97,-25.45,-25.85
BOSCHLTD,Mar 2022,11782,1462.0,1217,12.0,413.0,10.33,12.41,151.83,152.49
BOSCHLTD,Mar 2023,14929,1810.0,1424,13.0,483.0,9.54,12.12,16.95,17.01
BOSCHLTD,Mar 2024,16727,2095.0,2490,13.0,844.0,14.89,12.52,74.74,74.86
BOSCHLTD,TTM,17150,2216.0,2084,13.0,707.0,12.15,12.92,-16.23,-16.31
BPCL,Mar 2013,242181,6709.0,1936,3.0,4.0,0.8,2.77,,
BPCL,Mar 2014,264421,9414.0,4053,4.0,9.0,1.53,3.56,125.0,109.35
BPCL,Mar 2015,242598,9780.0,5082,4.0,11.0,2.09,4.03,22.22,25.39
BPCL,Mar 2016,187815,12971.0,8089,7.0,19.0,4.31,6.91,72.73,59.17
BPCL,Mar 2017,201251,13783.0,9507,7.0,20.0,4.72,6.85,5.26,17.53
BPCL,Mar 2018,235895,15317.0,9792,6.0,21.0,4.15,6.49,5.0,3.0
BPCL,Mar 2019,298226,15112.0,8528,5.0,18.0,2.86,5.07,-14.29,-12.91
BPCL,Mar 2020,284572,8975.0,3666,3.0,7.0,1.29,3.15,-61.11,-57.01
BPCL,Mar 2021,230171,21001.0,17320,9.0,37.0,7.52,9.12,428.57,372.45
BPCL,Mar 2022,346791,19137.0,11682,6.0,27.0,3.37,5.52,-27.03,-32.55
BPCL,Mar 2023,473187,10899.0,2131,2.0,5.0,0.45,2.3,-81.48,-81.76
BPCL,Mar 2024,448083,44082.0,26859,10.0,62.0,5.99,9.84,1140.0,1160.39
BPCL,TTM,445601,26554.0,13734,6.0,32.0,3.08,5.96,-48.39,-48.87
BRITANNIA,Mar 2013,6185,421.0,260,7.0,11.0,4.2,6.81,,
BRITANNIA,Mar 2014,6913,627.0,395,9.0,16.0,5.71,9.07,45.45,51.92
BRITANNIA,Mar 2015,7858,870.0,689,11.0,29.0,8.77,11.07,81.25,74.43
BRITANNIA,Mar 2016,8397,1224.0,825,15.0,34.0,9.82,14.58,17.24,19.74
BRITANNIA,Mar 2017,9054,1278.0,885,14.0,37.0,9.77,14.12,8.82,7.27
BRITANNIA,Mar 2018,9914,1501.0,1004,15.0,42.0,10.13,15.14,13.51,13.45
BRITANNIA,Mar 2019,11055,1732.0,1155,16.0,48.0,10.45,15.67,14.29,15.04
BRITANNIA,Mar 2020,11600,1843.0,1394,16.0,58.0,12.02,15.89,20.83,20.69
BRITANNIA,Mar 2021,13136,2509.0,1851,19.0,77.0,14.09,19.1,32.76,32.78
BRITANNIA,Mar 2022,14136,2201.0,1516,16.0,63.0,10.72,15.57,-18.18,-18.1
BRITANNIA,Mar 2023,16301,2831.0,2316,17.0,96.0,14.21,17.37,52.38,52.77
BRITANNIA,Mar 2024,16769,3167.0,2134,19.0,89.0,12.73,18.89,-7.29,-7.86
BRITANNIA,TTM,17244,3136.0,2129,18.0,89.0,12.35,18.19,0.0,-0.23
CANBK,Mar 2013,34070,7217.0,2995,655.0,12.0,8.79,21.18,,
CANBK,Mar 2014,39570,9636.0,2672,-672.0,10.0,6.75,24.35,-16.67,-10.78
CANBK,Mar 2015,43813,10302.0,2931,-621.0,11.0,6.69,23.51,10.0,9.69
CANBK,Mar 2016,44039,17785.0,-2535,-8008.0,-9.0,-5.76,40.38,-181.82,-186.49
CANBK,Mar 2017,41457,15691.0,1411,-5775.0,5.0,3.4,37.85,-155.56,-155.66
CANBK,Mar 2018,41345,25582.0,-3873,-13350.0,-11.0,-9.37,61.87,-320.0,-374.49
CANBK,Mar 2019,47951,27202.0,696,-11590.0,2.0,1.45,56.73,-118.18,-117.97
CANBK,Mar 2020,49759,26809.0,-1921,-12867.0,-4.0,-3.86,53.88,-300.0,-376.01
CANBK,Mar 2021,70253,43437.0,2957,-18367.0,4.0,4.21,61.83,-200.0,-253.93
CANBK,Mar 2022,70614,41235.0,6158,-13657.0,7.0,8.72,58.39,75.0,108.25
CANBK,Mar 2023,85885,42772.0,11345,-9877.0,12.0,13.21,49.8,71.43,84.23
CANBK,Mar 2024,110519,46146.0,15401,-7745.0,17.0,13.94,41.75,41.67,35.75
CANBK,TTM,119392,48026.0,16571,-8985.0,18.0,13.88,40.23,5.88,7.6
CHOLAFIN,Mar 2013,2570,688.0,308,472.0,4.0,11.98,26.77,,
CHOLAFIN,Mar 2014,3279,932.0,368,578.0,5.0,11.22,28.42,25.0,19.48
CHOLAFIN,Mar 2015,3715,1061.0,444,696.0,6.0,11.95,28.56,20.0,20.65
CHOLAFIN,Mar 2016,4214,1266.0,575,899.0,7.0,13.64,30.04,16.67,29.5
CHOLAFIN,Mar 2017,4694,1322.0,718,1143.0,9.0,15.3,28.16,28.57,24.87
CHOLAFIN,Mar 2018,5559,1451.0,918,1451.0,12.0,16.51,26.1,33.33,27.86
CHOLAFIN,Mar 2019,7108,1632.0,1197,1888.0,15.0,16.84,22.96,25.0,30.39
CHOLAFIN,Mar 2020,8712,2421.0,1054,1699.0,13.0,12.1,27.79,-13.33,-11.95
CHOLAFIN,Mar 2021,9583,2913.0,1521,2094.0,19.0,15.87,30.4,46.15,44.31
CHOLAFIN,Mar 2022,10148,2926.0,2154,2924.0,26.0,21.23,28.83,36.84,41.62
CHOLAFIN,Mar 2023,12884,3621.0,2665,3515.0,32.0,20.68,28.1,23.08,23.72
CHOLAFIN,Mar 2024,19163,5385.0,3420,4548.0,41.0,17.85,28.1,28.12,28.33
CHOLAFIN,TTM,22502,6452.0,3852,5175.0,46.0,17.12,28.67,12.2,12.63
CIPLA,Mar 2013,8279,6065.0,1545,2214.0,19.0,18.66,73.26,,
CIPLA,Mar 2014,10173,8026.0,1404,2147.0,17.0,13.8,78.9,-10.53,-9.13
CIPLA,Mar 2015,11345,9183.0,1229,2163.0,15.0,10.83,80.94,-11.76,-12.46
CIPLA,Mar 2016,13790,11310.0,1383,2480.0,17.0,10.03,82.02,13.33,12.53
CIPLA,Mar 2017,14394,11898.0,1035,2496.0,13.0,7.19,82.66,-23.53,-25.16
CIPLA,Mar 2018,15156,12329.0,1417,2826.0,18.0,9.35,81.35,38.46,36.91
CIPLA,Mar 2019,16362,13265.0,1492,3097.0,19.0,9.12,81.07,5.56,5.29
CIPLA,Mar 2020,17132,13926.0,1500,3206.0,19.0,8.76,81.29,0.0,0.54
CIPLA,Mar 2021,19160,14907.0,2389,4252.0,30.0,12.47,77.8,57.89,59.27
CIPLA,Mar 2022,21763,17211.0,2547,4553.0,31.0,11.7,79.08,3.33,6.61
CIPLA,Mar 2023,22753,17726.0,2833,5027.0,35.0,12.45,77.91,12.9,11.23
CIPLA,Mar 2024,25774,19483.0,4154,6291.0,51.0,16.12,75.59,45.71,46.63
CIPLA,TTM,26981,20075.0,4987,6906.0,62.0,18.48,74.4,21.57,20.05
COALINDIA,Mar 2013,68303,50216.0,17356,18087.0,27.0,25.41,73.52,,
COALINDIA,Mar 2014,70608,52842.0,15112,17766.0,24.0,21.4,74.84,-11.11,-12.93
COALINDIA,Mar 2015,74120,56777.0,13727,17343.0,22.0,18.52,76.6,-8.33,-9.16
COALINDIA,Mar 2016,77861,59147.0,14267,18714.0,23.0,18.32,75.96,4.55,3.93
COALINDIA,Mar 2017,78164,65716.0,9280,12448.0,15.0,11.87,84.07,-34.78,-34.95
COALINDIA,Mar 2018,85244,75956.0,7038,9288.0,11.0,8.26,89.1,-26.67,-24.16
COALINDIA,Mar 2019,99586,74579.0,17464,25007.0,28.0,17.54,74.89,154.55,148.14
COALINDIA,Mar 2020,96080,74500.0,16700,21581.0,27.0,17.38,77.54,-3.57,-4.37
COALINDIA,Mar 2021,90026,71398.0,12702,18628.0,21.0,14.11,79.31,-22.22,-23.94
COALINDIA,Mar 2022,109715,84995.0,17378,24721.0,28.0,15.84,77.47,33.33,36.81
COALINDIA,Mar 2023,138252,94020.0,31723,44232.0,52.0,22.95,68.01,85.71,82.55
COALINDIA,Mar 2024,142324,94352.0,37369,47971.0,61.0,26.26,66.29,17.31,17.8
COALINDIA,TTM,140328,93717.0,34350,46610.0,56.0,24.48,66.78,-8.2,-8.08
DABUR,Mar 2013,6140,992.0,766,16.0,4.0,12.48,16.16,,
DABUR,Mar 2014,7058,1162.0,916,16.0,5.0,12.98,16.46,25.0,19.58
DABUR,Mar 2015,7795,1320.0,1068,17.0,6.0,13.7,16.93,20.0,16.59
DABUR,Mar 2016,7780,1518.0,1254,20.0,7.0,16.12,19.51,16.67,17.42
DABUR,Mar 2017,7614,1512.0,1280,20.0,7.0,16.81,19.86,0.0,2.07
DABUR,Mar 2018,7722,1617.0,1358,21.0,8.0,17.59,20.94,14.29,6.09
DABUR,Mar 2019,8515,1740.0,1446,20.0,8.0,16.98,20.43,0.0,6.48
DABUR,Mar 2020,8685,1792.0,1448,21.0,8.0,16.67,20.63,0.0,0.14
DABUR,Mar 2021,9562,2002.0,1695,21.0,10.0,17.73,20.94,25.0,17.06
DABUR,Mar 2022,10889,2252.0,1742,21.0,10.0,16.0,20.68,0.0,2.77
DABUR,Mar 2023,11530,2162.0,1701,19.0,10.0,14.75,18.75,0.0,-2.35
DABUR,Mar 2024,12404,2400.0,1811,19.0,10.0,14.6,19.35,0.0,6.47
DABUR,TTM,12447,2341.0,1760,19.0,10.0,14.14,18.81,0.0,-2.82
DIVISLAB,Mar 2013,2145,816.0,602,38.0,23.0,28.07,38.04,,
DIVISLAB,Mar 2014,2532,1018.0,773,40.0,29.0,30.53,40.21,26.09,28.41
DIVISLAB,Mar 2015,3115,1173.0,852,38.0,32.0,27.35,37.66,10.34,10.22
DIVISLAB,Mar 2016,3776,1423.0,1126,38.0,42.0,29.82,37.69,31.25,32.16
DIVISLAB,Mar 2017,4064,1450.0,1060,36.0,40.0,26.08,35.68,-4.76,-5.86
DIVISLAB,Mar 2018,3891,1269.0,877,33.0,33.0,22.54,32.61,-17.5,-17.26
DIVISLAB,Mar 2019,4946,1874.0,1353,38.0,51.0,27.36,37.89,54.55,54.28
DIVISLAB,Mar 2020,5394,1826.0,1377,34.0,52.0,25.53,33.85,1.96,1.77
DIVISLAB,Mar 2021,6969,2867.0,1984,41.0,75.0,28.47,41.14,44.23,44.08
DIVISLAB,Mar 2022,8960,3885.0,2960,43.0,112.0,33.04,43.36,49.33,49.19
DIVISLAB,Mar 2023,7767,2370.0,1824,31.0,69.0,23.48,30.51,-38.39,-38.38
DIVISLAB,Mar 2024,7845,2210.0,1600,28.0,60.0,20.4,28.17,-13.04,-12.28
DIVISLAB,TTM,8614,2558.0,1836,30.0,69.0,21.31,29.7,15.0,14.75
DLF,Mar 2013,7773,2633.0,667,34.0,4.0,8.58,33.87,,
DLF,Mar 2014,8298,2493.0,590,30.0,4.0,7.11,30.04,0.0,-11.54
DLF,Mar 2015,7649,3014.0,507,39.0,3.0,6.63,39.4,-25.0,-14.07
DLF,Mar 2016,9926,3966.0,305,40.0,2.0,3.07,39.96,-33.33,-39.84
DLF,Mar 2017,8221,3446.0,708,42.0,4.0,8.61,41.92,100.0,132.13
DLF,Mar 2018,6707,2378.0,4477,35.0,25.0,66.75,35.46,525.0,532.34
DLF,Mar 2019,8366,2148.0,1314,26.0,6.0,15.71,25.68,-76.0,-70.65
DLF,Mar 2020,6083,1146.0,-590,19.0,-2.0,-9.7,18.84,-133.33,-144.9
DLF,Mar 2021,5414,1469.0,1083,27.0,4.0,20.0,27.13,-300.0,-283.56
DLF,Mar 2022,5717,1743.0,1500,30.0,6.0,26.24,30.49,50.0,38.5
DLF,Mar 2023,5695,1726.0,2034,30.0,8.0,35.72,30.31,33.33,35.6
DLF,Mar 2024,6427,2124.0,2724,33.0,11.0,42.38,33.05,37.5,33.92
DLF,TTM,7001,1885.0,4004,27.0,16.0,57.19,26.92,45.45,46.99
DMART,Mar 2013,3341,215.0,94,6.0,2.0,2.81,6.44,,
DMART,Mar 2014,4686,341.0,161,7.0,3.0,3.44,7.28,50.0,71.28
DMART,Mar 2015,6439,456.0,212,7.0,4.0,3.29,7.08,33.33,31.68
DMART,Mar 2016,8584,664.0,320,8.0,6.0,3.73,7.74,50.0,50.94
DMART,Mar 2017,11898,969.0,479,8.0,8.0,4.03,8.14,33.33,49.69
DMART,Mar 2018,15033,1353.0,806,9.0,13.0,5.36,9.0,62.5,68.27
DMART,Mar 2019,20005,1633.0,902,8.0,14.0,4.51,8.16,7.69,11.91
DMART,Mar 2020,24870,2128.0,1301,9.0,20.0,5.23,8.56,42.86,44.24
DMART,Mar 2021,24143,1745.0,1099,7.0,17.0,4.55,7.23,-15.0,-15.53
DMART,Mar 2022,30976,2502.0,1492,8.0,23.0,4.82,8.08,35.29,35.76
DMART,Mar 2023,42840,3639.0,2378,8.0,37.0,5.55,8.49,60.87,59.38
DMART,Mar 2024,50789,4106.0,2536,8.0,39.0,4.99,8.08,5.41,6.64
DMART,TTM,57213,4476.0,2720,8.0,42.0,4.75,7.82,7.69,7.26
DRREDDY,Mar 2013,11833,2669.0,1527,23.0,18.0,12.9,22.56,,
DRREDDY,Mar 2014,13415,3251.0,1963,24.0,23.0,14.63,24.23,27.78,28.55
DRREDDY,Mar 2015,15023,3508.0,2336,23.0,27.0,15.55,23.35,17.39,19.0
DRREDDY,Mar 2016,15568,3585.0,2131,23.0,25.0,13.69,23.03,-7.41,-8.78
DRREDDY,Mar 2017,14196,2472.0,1292,17.0,16.0,9.1,17.41,-36.0,-39.37
DRREDDY,Mar 2018,14281,2351.0,947,16.0,11.0,6.63,16.46,-31.25,-26.7
DRREDDY,Mar 2019,15448,3178.0,1950,21.0,23.0,12.62,20.57,109.09,105.91
DRREDDY,Mar 2020,17517,2477.0,2026,14.0,24.0,11.57,14.14,4.35,3.9
DRREDDY,Mar 2021,19048,3874.0,1952,20.0,23.0,10.25,20.34,-4.17,-3.65
DRREDDY,Mar 2022,21545,3768.0,2182,17.0,26.0,10.13,17.49,13.04,11.78
DRREDDY,Mar 2023,24670,6470.0,4507,26.0,54.0,18.27,26.23,107.69,106.55
DRREDDY,Mar 2024,28011,7933.0,5578,28.0,67.0,19.91,28.32,24.07,23.76
DRREDDY,TTM,31229,8311.0,5448,27.0,64.0,17.45,26.61,-4.48,-2.33
EICHERMOT,Dec 2012,6390,550.0,475,9.0,12.0,7.43,8.61,,
EICHERMOT,Dec 2013,6810,715.0,525,11.0,15.0,7.71,10.5,25.0,10.53
EICHERMOT,Dec 2014,8738,1118.0,702,13.0,23.0,8.03,12.79,53.33,33.71
EICHERMOT,Mar 2016,6173,1690.0,1338,27.0,49.0,21.68,27.38,113.04,90.6
EICHERMOT,Mar 2017,7033,2174.0,1667,31.0,61.0,23.7,30.91,24.49,24.59
EICHERMOT,Mar 2018,8965,2809.0,1960,31.0,72.0,21.86,31.33,18.03,17.58
EICHERMOT,Mar 2019,9797,2904.0,2203,30.0,81.0,22.49,29.64,12.5,12.4
EICHERMOT,Mar 2020,9154,2183.0,1827,24.0,67.0,19.96,23.85,-17.28,-17.07
EICHERMOT,Mar 2021,8720,1783.0,1347,20.0,49.0,15.45,20.45,-26.87,-26.27
EICHERMOT,Mar 2022,10298,2178.0,1677,21.0,61.0,16.28,21.15,24.49,24.5
EICHERMOT,Mar 2023,14442,3446.0,2914,24.0,107.0,20.18,23.86,75.41,73.76
EICHERMOT,Mar 2024,16536,4329.0,4001,26.0,146.0,24.2,26.18,36.45,37.3
EICHERMOT,TTM,17091,4472.0,4268,26.0,156.0,24.97,26.17,6.85,6.67
GAIL,Mar 2013,50974,7427.0,4367,15.0,6.0,8.57,14.57,,
GAIL,Mar 2014,61765,7988.0,4786,13.0,7.0,7.75,12.93,16.67,9.59
GAIL,Mar 2015,60557,5631.0,3160,9.0,5.0,5.22,9.3,-28.57,-33.97
GAIL,Mar 2016,52053,4536.0,1874,9.0,3.0,3.6,8.71,-40.0,-40.7
GAIL,Mar 2017,48552,6021.0,3374,12.0,5.0,6.95,12.4,66.67,80.04
GAIL,Mar 2018,54496,7802.0,4805,14.0,7.0,8.82,14.32,40.0,42.41
GAIL,Mar 2019,76190,9938.0,6553,13.0,10.0,8.6,13.04,42.86,36.38
GAIL,Mar 2020,72518,9022.0,9515,12.0,14.0,13.12,12.44,40.0,45.2
GAIL,Mar 2021,57372,7245.0,6143,13.0,9.0,10.71,12.63,-35.71,-35.44
GAIL,Mar 2022,92770,15161.0,12304,16.0,18.0,13.26,16.34,100.0,100.29
GAIL,Mar 2023,145668,7500.0,5596,5.0,9.0,3.84,5.15,-50.0,-54.52
GAIL,Mar 2024,133228,14314.0,9903,11.0,15.0,7.43,10.74,66.67,76.97
GAIL,TTM,136081,16784.0,11541,12.0,18.0,8.48,12.33,20.0,16.54
GODREJCP,Mar 2013,6412,995.0,845,16.0,8.0,13.18,15.52,,
GODREJCP,Mar 2014,7599,1169.0,819,15.0,7.0,10.78,15.38,-12.5,-3.08
GODREJCP,Mar 2015,8273,1379.0,976,17.0,9.0,11.8,16.67,28.57,19.17
GODREJCP,Mar 2016,8424,1657.0,831,20.0,8.0,9.86,19.67,-11.11,-14.86
GODREJCP,Mar 2017,9268,1907.0,1308,21.0,13.0,14.11,20.58,62.5,57.4
GODREJCP,Mar 2018,9847,2084.0,1634,21.0,16.0,16.59,21.16,23.08,24.92
GODREJCP,Mar 2019,10314,2132.0,2342,21.0,23.0,22.71,20.67,43.75,43.33
GODREJCP,Mar 2020,9911,2154.0,1497,22.0,15.0,15.1,21.73,-34.78,-36.08
GODREJCP,Mar 2021,11029,2399.0,1721,22.0,17.0,15.6,21.75,13.33,14.96
GODREJCP,Mar 2022,12276,2409.0,1783,20.0,17.0,14.52,19.62,0.0,3.6
GODREJCP,Mar 2023,13316,2443.0,1702,18.0,17.0,12.78,18.35,0.0,-4.54
GODREJCP,Mar 2024,14096,2957.0,-561,21.0,-5.0,-3.98,20.98,-129.41,-132.96
GODREJCP,TTM,14152,2996.0,-453,21.0,-4.0,-3.2,21.17,-20.0,-19.25
GRASIM,Mar 2013,27909,5924.0,3778,21.0,57.0,13.54,21.23,,
GRASIM,Mar 2014,28331,4915.0,2954,17.0,44.0,10.43,17.35,-22.81,-21.81
GRASIM,Mar 2015,31734,5144.0,2582,16.0,37.0,8.14,16.21,-15.91,-12.59
GRASIM,Mar 2016,34487,5911.0,3455,17.0,51.0,10.02,17.14,37.84,33.81
GRASIM,Mar 2017,36068,7387.0,4246,20.0,66.0,11.77,20.48,29.41,22.89
GRASIM,Mar 2018,55894,11612.0,3688,21.0,39.0,6.6,20.78,-40.91,-13.14
GRASIM,Mar 2019,77200,16640.0,2745,22.0,25.0,3.56,21.55,-35.9,-25.57
GRASIM,Mar 2020,68252,10373.0,6639,15.0,65.0,9.73,15.2,160.0,141.86
GRASIM,Mar 2021,76404,18635.0,6987,24.0,63.0,9.14,24.39,-3.08,5.24
GRASIM,Mar 2022,95701,20431.0,11206,21.0,111.0,11.71,21.35,76.19,60.38
GRASIM,Mar 2023,117627,21589.0,11078,18.0,100.0,9.42,18.35,-9.91,-1.14
GRASIM,Mar 2024,130978,27195.0,9926,21.0,85.0,7.58,20.76,-15.0,-10.4
GRASIM,TTM,137116,27506.0,8693,20.0,67.0,6.34,20.06,-21.18,-12.42
HAL,Mar 2013,14328,768.0,2997,5.0,124.0,20.92,5.36,,
HAL,Mar 2014,15135,1570.0,2693,10.0,28.0,17.79,10.37,-77.42,-10.14
HAL,Mar 2015,15730,2351.0,2388,15.0,25.0,15.18,14.95,-10.71,-11.33
HAL,Mar 2016,16758,2478.0,1998,15.0,28.0,11.92,14.79,12.0,-16.33
HAL,Mar 2017,17950,3236.0,2616,18.0,36.0,14.57,18.03,28.57,30.93
HAL,Mar 2018,18519,3460.0,1987,19.0,30.0,10.73,18.68,-16.67,-24.04
HAL,Mar 2019,20008,4569.0,2346,23.0,35.0,11.73,22.84,16.67,18.07
HAL,Mar 2020,21445,4880.0,2842,23.0,42.0,13.25,22.76,20.0,21.14
HAL,Mar 2021,22882,5341.0,3239,23.0,48.0,14.16,23.34,14.29,13.97
HAL,Mar 2022,24620,5420.0,5086,22.0,76.0,20.66,22.01,58.33,57.02
HAL,Mar 2023,26928,6669.0,5811,25.0,87.0,21.58,24.77,14.47,14.25
HAL,Mar 2024,30381,9749.0,7595,32.0,114.0,25.0,32.09,31.03,30.7
HAL,TTM,31154,9954.0,8472,32.0,127.0,27.19,31.95,11.4,11.55
HAVELLS,Mar 2013,7135,674.0,581,9.0,9.0,8.14,9.45,,
HAVELLS,Mar 2014,8051,777.0,446,10.0,7.0,5.54,9.65,-22.22,-23.24
HAVELLS,Mar 2015,8468,755.0,385,9.0,6.0,4.55,8.92,-14.29,-13.68
HAVELLS,Mar 2016,7594,796.0,1300,10.0,21.0,17.12,10.48,250.0,237.66
HAVELLS,Mar 2017,6130,815.0,494,13.0,8.0,8.06,13.3,-61.9,-62.0
HAVELLS,Mar 2018,8116,1033.0,661,13.0,11.0,8.14,12.73,37.5,33.81
HAVELLS,Mar 2019,10073,1189.0,788,12.0,13.0,7.82,11.8,18.18,19.21
HAVELLS,Mar 2020,9440,1067.0,735,11.0,12.0,7.79,11.3,-7.69,-6.73
HAVELLS,Mar 2021,10457,1589.0,1044,15.0,17.0,9.98,15.2,41.67,42.04
HAVELLS,Mar 2022,13938,1775.0,1196,13.0,19.0,8.58,12.73,11.76,14.56
HAVELLS,Mar 2023,16911,1621.0,1072,10.0,17.0,6.34,9.59,-10.53,-10.37
HAVELLS,Mar 2024,18590,1881.0,1271,10.0,20.0,6.84,10.12,17.65,18.56
HAVELLS,TTM,20677,2008.0,1400,10.0,22.0,6.77,9.71,10.0,10.15
HCLTECH,Jun 2013,25581,5680.0,4040,22.0,14.0,15.79,22.2,,
HCLTECH,Jun 2014,32144,8035.0,6528,25.0,23.0,20.31,25.0,64.29,61.58
HCLTECH,Jun 2015,36701,8486.0,7342,23.0,26.0,20.0,23.12,13.04,12.47
HCLTECH,Mar 2016 9m,31136,6654.0,5602,21.0,20.0,17.99,21.37,-23.08,-23.7
HCLTECH,Mar 2017,47568,10390.0,8606,22.0,30.0,18.09,21.84,50.0,53.62
HCLTECH,Mar 2018,50569,11246.0,8722,22.0,31.0,17.25,22.24,3.33,1.35
HCLTECH,Mar 2019,60427,13926.0,10120,23.0,37.0,16.75,23.05,19.35,16.03
HCLTECH,Mar 2020,70676,17316.0,11057,24.0,41.0,15.64,24.5,10.81,9.26
HCLTECH,Mar 2021,75379,20048.0,11169,27.0,41.0,14.82,26.6,0.0,1.01
HCLTECH,Mar 2022,85651,20529.0,13523,24.0,50.0,15.79,23.97,21.95,21.08
HCLTECH,Mar 2023,101456,22628.0,14845,22.0,55.0,14.63,22.3,10.0,9.78
HCLTECH,Mar 2024,109913,24198.0,15710,22.0,58.0,14.29,22.02,5.45,5.83
HCLTECH,TTM,115308,25139.0,17085,22.0,63.0,14.82,21.8,8.62,8.75
HDFCBANK,Mar 2013,35861,12631.0,6903,3534.0,14.0,19.25,35.22,,
HDFCBANK,Mar 2014,42555,13508.0,8768,5602.0,18.0,20.6,31.74,28.57,27.02
HDFCBANK,Mar 2015,50666,16164.0,10703,7214.0,21.0,21.12,31.9,16.67,22.07
HDFCBANK,Mar 2016,63162,20055.0,12821,9037.0,25.0,20.3,31.75,19.05,19.79
HDFCBANK,Mar 2017,73271,23856.0,15317,11374.0,30.0,20.9,32.56,20.0,19.47
HDFCBANK,Mar 2018,85288,29532.0,18561,13374.0,36.0,21.76,34.63,20.0,21.18
HDFCBANK,Mar 2019,105161,34856.0,22446,16592.0,41.0,21.34,33.15,13.89,20.93
HDFCBANK,Mar 2020,122189,45459.0,27296,14593.0,50.0,22.34,37.2,21.95,21.61
HDFCBANK,Mar 2021,128552,52457.0,31857,16848.0,58.0,24.78,40.81,16.0,16.71
HDFCBANK,Mar 2022,135936,56557.0,38151,20795.0,69.0,28.07,41.61,18.97,19.76
HDFCBANK,Mar 2023,170754,63042.0,46149,29932.0,82.0,27.03,36.92,18.84,20.96
HDFCBANK,Mar 2024,283649,174196.0,65446,-44685.0,84.0,23.07,61.41,2.44,41.81
HDFCBANK,TTM,329022,206009.0,72168,-57587.0,91.0,21.93,62.61,8.33,10.27
HDFCLIFE,Mar 2013,14060,13535.0,447,525.0,2.0,3.18,96.27,,
HDFCLIFE,Mar 2014,17166,16561.0,725,605.0,4.0,4.22,96.48,100.0,62.19
HDFCLIFE,Mar 2015,27215,26341.0,786,874.0,4.0,2.89,96.79,0.0,8.41
HDFCLIFE,Mar 2016,18141,17187.0,817,953.0,4.0,4.5,94.74,0.0,3.94
HDFCLIFE,Mar 2017,30647,29674.0,887,972.0,4.0,2.89,96.83,0.0,8.57
HDFCLIFE,Mar 2018,32260,31186.0,1107,1074.0,6.0,3.43,96.67,50.0,24.8
HDFCLIFE,Mar 2019,38855,37640.0,1278,1215.0,6.0,3.29,96.87,0.0,15.45
HDFCLIFE,Mar 2020,29380,28239.0,1297,1141.0,6.0,4.41,96.12,0.0,1.49
HDFCLIFE,Mar 2021,71528,70294.0,1361,1235.0,7.0,1.9,98.27,16.67,4.93
HDFCLIFE,Mar 2022,67126,66348.0,1327,778.0,6.0,1.98,98.84,-14.29,-2.5
HDFCLIFE,Mar 2023,70207,70127.0,1368,80.0,6.0,1.95,99.89,0.0,3.09
HDFCLIFE,Mar 2024,101482,100951.0,1574,531.0,7.0,1.55,99.48,16.67,15.06
HDFCLIFE,TTM,100772,100048.0,1747,725.0,8.0,1.73,99.28,14.29,10.99
HEROMOTOCO,Mar 2014,25275,21722.0,2102,3553.0,105.0,8.32,85.94,,
HEROMOTOCO,Mar 2015,27538,24018.0,2364,3520.0,118.0,8.58,87.22,12.38,12.46
HEROMOTOCO,Mar 2016,28457,24033.0,3112,4424.0,157.0,10.94,84.45,33.05,31.64
HEROMOTOCO,Mar 2017,28610,24025.0,3546,4585.0,179.0,12.39,83.97,14.01,13.95
HEROMOTOCO,Mar 2018,32458,27124.0,3722,5334.0,186.0,11.47,83.57,3.91,4.96
HEROMOTOCO,Mar 2019,33971,28946.0,3466,5025.0,172.0,10.2,85.21,-7.53,-6.88
HEROMOTOCO,Mar 2020,29254,25184.0,3659,4070.0,182.0,12.51,86.09,5.81,5.57
HEROMOTOCO,Mar 2021,30959,26902.0,2936,4058.0,146.0,9.48,86.9,-19.78,-19.76
HEROMOTOCO,Mar 2022,29551,26295.0,2329,3256.0,116.0,7.88,88.98,-20.55,-20.67
HEROMOTOCO,Mar 2023,34158,30060.0,2800,4099.0,141.0,8.2,88.0,21.55,20.22
HEROMOTOCO,Mar 2024,37789,32554.0,3742,5235.0,187.0,9.9,86.15,32.62,33.64
HEROMOTOCO,TTM,40098,34537.0,4133,5561.0,207.0,10.31,86.13,10.7,10.45
HINDALCO,Mar 2013,80193,72494.0,3007,7699.0,16.0,3.75,90.4,,
HINDALCO,Mar 2014,87695,79671.0,2195,8024.0,11.0,2.5,90.85,-31.25,-27.0
HINDALCO,Mar 2015,104281,95437.0,259,8844.0,4.0,0.25,91.52,-63.64,-88.2
HINDALCO,Mar 2016,98759,90981.0,-702,7778.0,-1.0,-0.71,92.12,-125.0,-371.04
HINDALCO,Mar 2017,100184,87867.0,1882,12317.0,8.0,1.88,87.71,-900.0,-368.09
HINDALCO,Mar 2018,115183,101488.0,6083,13695.0,27.0,5.28,88.11,237.5,223.22
HINDALCO,Mar 2019,130542,115031.0,5495,15511.0,24.0,4.21,88.12,-11.11,-9.67
HINDALCO,Mar 2020,118144,103838.0,3767,14306.0,17.0,3.19,87.89,-29.17,-31.45
HINDALCO,Mar 2021,132008,114449.0,3483,17559.0,16.0,2.64,86.7,-5.88,-7.54
HINDALCO,Mar 2022,195059,166712.0,13730,28347.0,61.0,7.04,85.47,281.25,294.2
HINDALCO,Mar 2023,223202,200536.0,10097,22666.0,45.0,4.52,89.85,-26.23,-26.46
HINDALCO,Mar 2024,215962,192090.0,10155,23872.0,45.0,4.7,88.95,0.0,0.57
HINDALCO,TTM,224018,196087.0,12488,27931.0,56.0,5.57,87.53,24.44,22.97
HINDUNILVR,Mar 2013,27004,22784.0,3839,4220.0,18.0,14.22,84.37,,
HINDUNILVR,Mar 2014,29234,24475.0,3956,4759.0,18.0,13.53,83.72,0.0,3.05
HINDUNILVR,Mar 2015,31972,26560.0,4376,5412.0,20.0,13.69,83.07,11.11,10.62
HINDUNILVR,Mar 2016,32186,26276.0,4151,5910.0,19.0,12.9,81.64,-5.0,-5.14
HINDUNILVR,Mar 2017,33162,26834.0,4490,6328.0,21.0,13.54,80.92,10.53,8.17
HINDUNILVR,Mar 2018,35545,28046.0,5227,7499.0,24.0,14.71,78.9,14.29,16.41
HINDUNILVR,Mar 2019,39310,30430.0,6060,8880.0,28.0,15.42,77.41,16.67,15.94
HINDUNILVR,Mar 2020,39783,29922.0,6756,9861.0,31.0,16.98,75.21,10.71,11.49
HINDUNILVR,Mar 2021,47028,35402.0,7999,11626.0,34.0,17.01,75.28,9.68,18.4
HINDUNILVR,Mar 2022,52446,39589.0,8892,12857.0,38.0,16.95,75.49,11.76,11.16
HINDUNILVR,Mar 2023,60580,46433.0,10143,14147.0,43.0,16.74,76.65,13.16,14.07
HINDUNILVR,Mar 2024,61896,47237.0,10282,14659.0,44.0,16.61,76.32,2.33,1.37
HINDUNILVR,TTM,62661,47902.0,10757,14759.0,46.0,17.17,76.45,4.55,4.62
ICICIBANK,Mar 2013,44885,31684.0,10130,-15085.0,15.0,22.57,70.59,,
ICICIBANK,Mar 2014,49479,32852.0,11677,-13084.0,17.0,23.6,66.4,13.33,15.27
ICICIBANK,Mar 2015,54964,38766.0,12942,-16120.0,19.0,23.55,70.53,11.76,10.83
ICICIBANK,Mar 2016,59294,52252.0,10927,-26955.0,16.0,18.43,88.12,-15.79,-15.57
ICICIBANK,Mar 2017,60940,63841.0,11340,-37737.0,16.0,18.61,104.76,0.0,3.78
ICICIBANK,Mar 2018,62162,72806.0,9100,-44906.0,12.0,14.64,117.12,-25.0,-19.75
ICICIBANK,Mar 2019,71982,83775.0,5689,-50971.0,7.0,7.9,116.38,-41.67,-37.48
ICICIBANK,Mar 2020,84836,85361.0,11225,-45190.0,15.0,13.23,100.62,114.29,97.31
ICICIBANK,Mar 2021,89163,91309.0,20364,-44805.0,27.0,22.84,102.41,80.0,81.42
ICICIBANK,Mar 2022,95407,80798.0,26538,-26558.0,36.0,27.82,84.69,33.33,30.32
ICICIBANK,Mar 2023,121067,87864.0,35461,-17341.0,49.0,29.29,72.57,36.11,33.62
ICICIBANK,Mar 2024,159516,99560.0,46081,-14152.0,63.0,28.89,62.41,28.57,29.95
ICICIBANK,TTM,180551,125722.0,52416,-31575.0,70.0,29.03,69.63,11.11,13.75
ICICIGI,Mar 2013,4012,4191.0,353,-178.0,8.0,8.8,104.46,,
ICICIGI,Mar 2014,4352,4578.0,520,-225.0,12.0,11.95,105.19,50.0,47.31
ICICIGI,Mar 2015,4234,4456.0,585,-221.0,13.0,13.82,105.24,8.33,12.5
ICICIGI,Mar 2016,6033,5269.0,507,764.0,11.0,8.4,87.34,-15.38,-13.33
ICICIGI,Mar 2017,7520,6601.0,702,919.0,16.0,9.34,87.78,45.45,38.46
ICICIGI,Mar 2018,6912,7174.0,862,-262.0,19.0,12.47,103.79,18.75,22.79
ICICIGI,Mar 2019,11163,9494.0,1049,1669.0,23.0,9.4,85.05,21.05,21.69
ICICIGI,Mar 2020,11517,9745.0,1194,1772.0,26.0,10.37,84.61,13.04,13.82
ICICIGI,Mar 2021,12161,10090.0,1473,2072.0,32.0,12.11,82.97,23.08,23.37
ICICIGI,Mar 2022,16026,15010.0,1271,1016.0,26.0,7.93,93.66,-18.75,-13.71
ICICIGI,Mar 2023,17876,16612.0,1729,1264.0,35.0,9.67,92.93,34.62,36.03
ICICIGI,Mar 2024,20487,17910.0,1919,2577.0,39.0,9.37,87.42,11.43,10.99
ICICIGI,TTM,23301,19938.0,2518,3363.0,51.0,10.81,85.57,30.77,31.21
ICICIPRULI,Mar 2013,20025,19280.0,1515,745.0,11.0,7.57,96.28,,
ICICIPRULI,Mar 2014,21888,20384.0,1561,1504.0,11.0,7.13,93.13,0.0,3.04
ICICIPRULI,Mar 2015,34453,32798.0,1640,1655.0,11.0,4.76,95.2,0.0,5.06
ICICIPRULI,Mar 2016,20849,19008.0,1650,1842.0,12.0,7.91,91.17,9.09,0.61
ICICIPRULI,Mar 2017,37816,36010.0,1682,1806.0,12.0,4.45,95.22,0.0,1.94
ICICIPRULI,Mar 2018,38832,37062.0,1619,1771.0,11.0,4.17,95.44,-8.33,-3.75
ICICIPRULI,Mar 2019,41463,40922.0,1139,541.0,8.0,2.75,98.7,-27.27,-29.65
ICICIPRULI,Mar 2020,21025,21344.0,1067,-319.0,7.0,5.07,101.52,-12.5,-6.32
ICICIPRULI,Mar 2021,83182,83572.0,956,-390.0,7.0,1.15,100.47,0.0,-10.4
ICICIPRULI,Mar 2022,63564,65728.0,759,-2163.0,5.0,1.19,103.4,-28.57,-20.61
ICICIPRULI,Mar 2023,50478,52235.0,813,-1757.0,6.0,1.61,103.48,20.0,7.11
ICICIPRULI,Mar 2024,90307,92136.0,851,-1829.0,6.0,0.94,102.03,0.0,4.67
ICICIPRULI,TTM,77572,77251.0,974,321.0,7.0,1.26,99.59,16.67,14.45
INDUSINDBK,Mar 2013,6983,1947.0,1061,286.0,20.0,15.19,27.88,,
INDUSINDBK,Mar 2014,8254,2555.0,1408,335.0,27.0,17.06,30.95,35.0,32.7
INDUSINDBK,Mar 2015,9692,3133.0,1794,288.0,34.0,18.51,32.33,25.93,27.41
INDUSINDBK,Mar 2016,11872,4188.0,2286,329.0,38.0,19.26,35.28,11.76,27.42
INDUSINDBK,Mar 2017,14406,5684.0,2868,379.0,48.0,19.91,39.46,26.32,25.46
INDUSINDBK,Mar 2018,17281,6555.0,3606,942.0,60.0,20.87,37.93,25.0,25.73
INDUSINDBK,Mar 2019,22261,9283.0,3301,-437.0,55.0,14.83,41.7,-8.33,-8.46
INDUSINDBK,Mar 2020,28783,12611.0,4418,-553.0,64.0,15.35,43.81,16.36,33.84
INDUSINDBK,Mar 2021,29000,15997.0,2836,-2469.0,37.0,9.78,55.16,-42.19,-35.81
INDUSINDBK,Mar 2022,30822,15840.0,4611,-839.0,60.0,14.96,51.39,62.16,62.59
INDUSINDBK,Mar 2023,36368,15525.0,7390,2067.0,95.0,20.32,42.69,58.33,60.27
INDUSINDBK,Mar 2024,45748,17638.0,8950,2978.0,115.0,19.56,38.55,21.05,21.11
INDUSINDBK,TTM,49004,20104.0,8122,1323.0,104.0,16.57,41.03,-9.57,-9.25
INFY,Mar 2013,40352,11538.0,9429,29.0,21.0,23.37,28.59,,
INFY,Mar 2014,50133,13390.0,10656,27.0,23.0,21.26,26.71,9.52,13.01
INFY,Mar 2015,53319,14883.0,12372,28.0,27.0,23.2,27.91,17.39,16.1
INFY,Mar 2016,62441,17079.0,13489,27.0,29.0,21.6,27.35,7.41,9.03
INFY,Mar 2017,68484,18604.0,14353,27.0,31.0,20.96,27.17,6.9,6.41
INFY,Mar 2018,70522,18822.0,16029,27.0,37.0,22.73,26.69,19.35,11.68
INFY,Mar 2019,82675,20170.0,15410,24.0,35.0,18.64,24.4,-5.41,-3.86
INFY,Mar 2020,90791,22267.0,16639,25.0,39.0,18.33,24.53,11.43,7.98
INFY,Mar 2021,100472,27889.0,19423,28.0,45.0,19.33,27.76,15.38,16.73
INFY,Mar 2022,121641,31491.0,22146,26.0,53.0,18.21,25.89,17.78,14.02
INFY,Mar 2023,146767,35130.0,24108,24.0,58.0,16.43,23.94,9.43,8.86
INFY,Mar 2024,153670,36425.0,26248,24.0,63.0,17.08,23.7,8.62,8.88
INFY,TTM,159988,38145.0,27687,24.0,67.0,17.31,23.84,6.35,5.48
IOC,Mar 2013,461780,13861.0,3627,3.0,3.0,0.79,3.0,,
IOC,Mar 2014,488345,17222.0,6967,4.0,5.0,1.43,3.53,66.67,92.09
IOC,Mar 2015,449507,10575.0,4872,2.0,3.0,1.08,2.35,-40.0,-30.07
IOC,Mar 2016,346045,22038.0,12413,6.0,8.0,3.59,6.37,166.67,154.78
IOC,Mar 2017,355379,34149.0,20385,10.0,14.0,5.74,9.61,75.0,64.22
IOC,Mar 2018,421492,41658.0,22626,10.0,15.0,5.37,9.88,7.14,10.99
IOC,Mar 2019,528158,35262.0,17274,7.0,12.0,3.27,6.68,-20.0,-23.65
IOC,Mar 2020,483763,16053.0,-1876,3.0,-1.0,-0.39,3.32,-108.33,-110.86
IOC,Mar 2021,363950,39929.0,21762,11.0,15.0,5.98,10.97,-1600.0,-1260.02
IOC,Mar 2022,589321,47758.0,25727,8.0,18.0,4.37,8.1,20.0,18.22
IOC,Mar 2023,841756,30683.0,11704,4.0,7.0,1.39,3.65,-61.11,-54.51
IOC,Mar 2024,776352,75646.0,43161,10.0,30.0,5.56,9.74,328.57,268.77
IOC,TTM,761485,32930.0,10909,4.0,8.0,1.43,4.32,-73.33,-74.72
IRCTC,Mar 2015,1059,152.0,131,14.0,13.0,12.37,14.35,,
IRCTC,Mar 2016,1367,190.0,189,14.0,19.0,13.83,13.9,46.15,44.27
IRCTC,Mar 2017,1520,314.0,229,21.0,11.0,15.07,20.66,-42.11,21.16
IRCTC,Mar 2018,1466,274.0,221,19.0,11.0,15.08,18.69,0.0,-3.49
IRCTC,Mar 2019,1870,383.0,309,20.0,4.0,16.52,20.48,-63.64,39.82
IRCTC,Mar 2020,2264,703.0,513,31.0,6.0,22.66,31.05,50.0,66.02
IRCTC,Mar 2021,777,188.0,187,24.0,2.0,24.07,24.2,-66.67,-63.55
IRCTC,Mar 2022,1879,874.0,660,47.0,8.0,35.13,46.51,300.0,252.94
IRCTC,Mar 2023,3541,1276.0,1006,36.0,13.0,28.41,36.04,62.5,52.42
IRCTC,Mar 2024,4270,1466.0,1111,34.0,14.0,26.02,34.33,7.69,10.44
IRCTC,TTM,4455,1505.0,1200,34.0,15.0,26.94,33.78,7.14,8.01
IRFC,Mar 2013,5550,5528.0,522,100.0,222.0,9.41,99.6,,
IRFC,Mar 2014,6197,6178.0,701,100.0,209.0,11.31,99.69,-5.86,34.29
IRFC,Mar 2015,6939,6905.0,758,100.0,212.0,10.92,99.51,1.44,8.13
IRFC,Mar 2016,7507,7468.0,849,99.0,188.0,11.31,99.48,-11.32,12.01
IRFC,Mar 2017,9047,9021.0,934,100.0,143.0,10.32,99.71,-23.94,10.01
IRFC,Mar 2018,9267,9229.0,2055,100.0,3.0,22.18,99.59,-97.9,120.02
IRFC,Mar 2019,11134,11085.0,2255,100.0,2.0,20.25,99.56,-33.33,9.73
IRFC,Mar 2020,13421,13355.0,3192,100.0,3.0,23.78,99.51,50.0,41.55
IRFC,Mar 2021,15771,15657.0,4416,99.0,3.0,28.0,99.28,0.0,38.35
IRFC,Mar 2022,20299,20177.0,6090,99.0,5.0,30.0,99.4,66.67,37.91
IRFC,Mar 2023,23722,23588.0,6167,99.0,5.0,26.0,99.44,0.0,1.26
IRFC,Mar 2024,26645,26513.0,6412,100.0,5.0,24.06,99.5,0.0,3.97
IRFC,TTM,26902,26758.0,6537,99.0,5.0,24.3,99.46,0.0,1.95
ITC,Mar 2013,31618,11221.0,7704,35.0,6.0,24.37,35.49,,
ITC,Mar 2014,35306,13080.0,9001,37.0,7.0,25.49,37.05,16.67,16.84
ITC,Mar 2015,38817,14252.0,9779,37.0,8.0,25.19,36.72,14.29,8.64
ITC,Mar 2016,39192,14531.0,9501,37.0,8.0,24.24,37.08,0.0,-2.84
ITC,Mar 2017,42768,15470.0,10477,36.0,8.0,24.5,36.17,0.0,10.27
ITC,Mar 2018,43449,16521.0,11493,38.0,9.0,26.45,38.02,12.5,9.7
ITC,Mar 2019,48340,18537.0,12836,38.0,10.0,26.55,38.35,11.11,11.69
ITC,Mar 2020,49388,19344.0,15593,39.0,12.0,31.57,39.17,20.0,21.48
ITC,Mar 2021,49257,17065.0,13383,35.0,11.0,27.17,34.64,-8.33,-14.17
ITC,Mar 2022,60645,20623.0,15503,34.0,12.0,25.56,34.01,9.09,15.84
ITC,Mar 2023,70919,25704.0,19477,36.0,15.0,27.46,36.24,25.0,25.63
ITC,Mar 2024,70866,26233.0,20751,37.0,16.0,29.28,37.02,6.67,6.54
ITC,TTM,75135,26640.0,20829,35.0,16.0,27.72,35.46,0.0,0.38
JINDALSTEL,Mar 2013,19807,6106.0,2952,31.0,31.0,14.9,30.83,,
JINDALSTEL,Mar 2014,19286,5799.0,1896,30.0,21.0,9.83,30.07,-32.26,-35.77
JINDALSTEL,Mar 2015,19401,5464.0,-1452,28.0,-14.0,-7.48,28.16,-166.67,-176.58
JINDALSTEL,Mar 2016,19469,3437.0,-3087,18.0,-32.0,-15.86,17.65,128.57,112.6
JINDALSTEL,Mar 2017,21603,4709.0,-2538,22.0,-25.0,-11.75,21.8,-21.88,-17.78
JINDALSTEL,Mar 2018,33286,6469.0,-1616,19.0,-15.0,-4.85,19.43,-40.0,-36.33
JINDALSTEL,Mar 2019,46966,8412.0,-2412,18.0,-17.0,-5.14,17.91,13.33,49.26
JINDALSTEL,Mar 2020,37923,6831.0,-400,18.0,-1.0,-1.05,18.01,-94.12,-83.42
JINDALSTEL,Mar 2021,34579,10933.0,4267,32.0,36.0,12.34,31.62,-3700.0,-1166.75
JINDALSTEL,Mar 2022,51166,15515.0,6766,30.0,56.0,13.22,30.32,55.56,58.57
JINDALSTEL,Mar 2023,53212,9942.0,3974,19.0,31.0,7.47,18.68,-44.64,-41.27
JINDALSTEL,Mar 2024,50354,10202.0,5943,20.0,58.0,11.8,20.26,87.1,49.55
JINDALSTEL,TTM,50019,10327.0,5060,21.0,50.0,10.12,20.65,-13.79,-14.86
JIOFIN,Mar 2023,45,39.0,31,88.0,,68.89,86.67,,
JIOFIN,Mar 2024,1855,1559.0,1605,84.0,3.0,86.52,84.04,,5077.42
JIOFIN,TTM,1968,1531.0,1607,78.0,3.0,81.66,77.79,0.0,0.12
JSWENERGY,Mar 2013,8870,2801.0,901,32.0,6.0,10.16,31.58,,
JSWENERGY,Mar 2014,8648,3255.0,760,38.0,5.0,8.79,37.64,-16.67,-15.65
JSWENERGY,Mar 2015,9347,3624.0,1358,39.0,8.0,14.53,38.77,60.0,78.68
JSWENERGY,Mar 2016,9824,4029.0,1460,41.0,9.0,14.86,41.01,12.5,7.51
JSWENERGY,Mar 2017,8263,3324.0,623,40.0,4.0,7.54,40.23,-55.56,-57.33
JSWENERGY,Mar 2018,8049,2713.0,85,34.0,0.0,1.06,33.71,-100.0,-86.36
JSWENERGY,Mar 2019,9138,2855.0,684,31.0,4.0,7.49,31.24,inf,704.71
JSWENERGY,Mar 2020,8273,2957.0,1081,36.0,7.0,13.07,35.74,75.0,58.04
JSWENERGY,Mar 2021,6922,2913.0,823,42.0,5.0,11.89,42.08,-28.57,-23.87
JSWENERGY,Mar 2022,8167,3572.0,1743,44.0,11.0,21.34,43.74,120.0,111.79
JSWENERGY,Mar 2023,10332,3282.0,1480,32.0,9.0,14.32,31.77,-18.18,-15.09
JSWENERGY,Mar 2024,11486,5382.0,1725,47.0,10.0,15.02,46.86,11.11,16.55
JSWENERGY,TTM,11416,5382.0,1988,47.0,11.0,17.41,47.14,10.0,15.25
JSWSTEEL,Mar 2013,38210,6512.0,929,17.0,4.0,2.43,17.04,,
JSWSTEEL,Mar 2014,51220,9169.0,402,18.0,2.0,0.78,17.9,-50.0,-56.73
JSWSTEEL,Mar 2015,52972,9364.0,1722,18.0,7.0,3.25,17.68,250.0,328.36
JSWSTEEL,Mar 2016,41546,6422.0,-481,15.0,-1.0,-1.16,15.46,-114.29,-127.93
JSWSTEEL,Mar 2017,55604,12308.0,3467,22.0,15.0,6.24,22.14,-1600.0,-820.79
JSWSTEEL,Mar 2018,71933,14916.0,6113,21.0,26.0,8.5,20.74,73.33,76.32
JSWSTEEL,Mar 2019,84757,18930.0,7524,22.0,32.0,8.88,22.33,23.08,23.08
JSWSTEEL,Mar 2020,73326,11813.0,3919,16.0,17.0,5.34,16.11,-46.88,-47.91
JSWSTEEL,Mar 2021,79839,20178.0,7873,25.0,33.0,9.86,25.27,94.12,100.89
JSWSTEEL,Mar 2022,146371,39114.0,20938,27.0,85.0,14.3,26.72,157.58,165.95
JSWSTEEL,Mar 2023,165960,18470.0,4139,11.0,17.0,2.49,11.13,-80.0,-80.23
JSWSTEEL,Mar 2024,175006,28157.0,8973,16.0,36.0,5.13,16.09,111.76,116.79
JSWSTEEL,TTM,170274,22478.0,3312,13.0,14.0,1.95,13.2,-61.11,-63.09
KOTAKBANK,Mar 2013,10838,6603.0,2238,-1789.0,15.0,20.65,60.92,,
KOTAKBANK,Mar 2014,11986,7053.0,2527,-1379.0,16.0,21.08,58.84,6.67,12.91
KOTAKBANK,Mar 2015,13319,9718.0,3105,-3366.0,20.0,23.31,72.96,25.0,22.87
KOTAKBANK,Mar 2016,20402,11541.0,3524,-2263.0,19.0,17.27,56.57,-5.0,13.49
KOTAKBANK,Mar 2017,22324,14832.0,5019,-3965.0,27.0,22.48,66.44,42.11,42.42
KOTAKBANK,Mar 2018,25131,16805.0,6258,-4141.0,33.0,24.9,66.87,22.22,24.69
KOTAKBANK,Mar 2019,29831,19758.0,7204,-5114.0,38.0,24.15,66.23,15.15,15.12
KOTAKBANK,Mar 2020,33474,22578.0,8593,-5005.0,45.0,25.67,67.45,18.42,19.28
KOTAKBANK,Mar 2021,32820,29812.0,9990,-9958.0,50.0,30.44,90.83,11.11,16.26
KOTAKBANK,Mar 2022,33741,30699.0,12089,-8512.0,61.0,35.83,90.98,22.0,21.01
KOTAKBANK,Mar 2023,42151,33485.0,14925,-5746.0,75.0,35.41,79.44,22.95,23.46
KOTAKBANK,Mar 2024,56237,47052.0,18213,-13382.0,92.0,32.39,83.67,22.67,22.03
KOTAKBANK,TTM,64053,50872.0,22530,-14146.0,113.0,35.17,79.42,22.83,23.7
LICI,Mar 2019,571508,5920.0,2627,1.0,,0.46,1.04,,
LICI,Mar 2020,628043,-6947.0,2710,-1.0,,0.43,-1.11,,3.16
LICI,Mar 2021,690914,-252.0,2974,0.0,7.0,0.43,-0.04,,9.74
LICI,Mar 2022,723606,3326.0,4125,0.0,57.0,0.57,0.46,714.29,38.7
LICI,Mar 2023,784628,34207.0,35997,4.0,65.0,4.59,4.36,14.04,772.65
LICI,Mar 2024,845966,32779.0,40916,4.0,66.0,4.84,3.87,1.54,13.67
LICI,TTM,896106,25851.0,41468,3.0,,4.63,2.88,,1.35
LODHA,Mar 2011,2173,510.0,264,23.0,6.0,12.15,23.47,,
LODHA,Mar 2012,2954,724.0,381,25.0,9.0,12.9,24.51,50.0,44.32
LODHA,Mar 2015,6236,1467.0,798,24.0,18.0,12.8,23.52,100.0,109.45
LODHA,Mar 2016,8249,2126.0,703,26.0,16.0,8.52,25.77,-11.11,-11.9
LODHA,Mar 2017,7926,1614.0,584,20.0,13.0,7.37,20.36,-18.75,-16.93
LODHA,Mar 2018,9677,1682.0,794,17.0,10.0,8.21,17.38,-23.08,35.96
LODHA,Mar 2019,11907,3179.0,1644,27.0,21.0,13.81,26.7,110.0,107.05
LODHA,Mar 2020,12443,1917.0,742,15.0,9.0,5.96,15.41,-57.14,-54.87
LODHA,Mar 2021,5449,1383.0,48,25.0,1.0,0.88,25.38,-88.89,-93.53
LODHA,Mar 2022,9233,2186.0,1208,24.0,12.0,13.08,23.68,1100.0,2416.67
LODHA,Mar 2023,9470,2064.0,490,22.0,5.0,5.17,21.8,-58.33,-59.44
LODHA,Mar 2024,10316,2665.0,1554,26.0,16.0,15.06,25.83,220.0,217.14
LODHA,TTM,13574,3812.0,2511,28.0,25.0,18.5,28.08,56.25,61.58
LT,Mar 2013,74426,11394.0,5291,15.0,38.0,7.11,15.31,,
LT,Mar 2014,85054,14086.0,4885,17.0,35.0,5.74,16.56,-7.89,-7.67
LT,Mar 2015,91929,15684.0,4966,17.0,34.0,5.4,17.06,-2.86,1.66
LT,Mar 2016,101122,15486.0,4592,15.0,31.0,4.54,15.31,-8.82,-7.53
LT,Mar 2017,109312,16620.0,6486,15.0,43.0,5.93,15.2,38.71,41.25
LT,Mar 2018,119683,20111.0,8004,17.0,53.0,6.69,16.8,23.26,23.4
LT,Mar 2019,135220,22866.0,10217,17.0,63.0,7.56,16.91,18.87,27.65
LT,Mar 2020,145452,24553.0,10894,17.0,68.0,7.49,16.88,7.94,6.63
LT,Mar 2021,135979,23460.0,12921,17.0,82.0,9.5,17.25,20.59,18.61
LT,Mar 2022,156521,24314.0,10419,16.0,62.0,6.66,15.53,-24.39,-19.36
LT,Mar 2023,183341,27166.0,12531,15.0,75.0,6.83,14.82,20.97,20.27
LT,Mar 2024,221113,29865.0,15547,14.0,95.0,7.03,13.51,26.67,24.07
LT,TTM,238881,30815.0,16150,13.0,98.0,6.76,12.9,3.16,3.88
LTIM,Mar 2013,3851,870.0,562,23.0,174.0,14.59,22.59,,
LTIM,Mar 2014,4920,1147.0,996,23.0,309.0,20.24,23.31,77.59,77.22
LTIM,Mar 2015,4978,1005.0,769,20.0,238.0,15.45,20.19,-22.98,-22.79
LTIM,Mar 2016,5846,1028.0,836,18.0,49.0,14.3,17.58,-79.41,8.71
LTIM,Mar 2017,6501,1230.0,971,19.0,57.0,14.94,18.92,16.33,16.15
LTIM,Mar 2018,7306,1187.0,1112,16.0,65.0,15.22,16.25,14.04,14.52
LTIM,Mar 2019,9446,1883.0,1516,20.0,87.0,16.05,19.93,33.85,36.33
LTIM,Mar 2020,10879,2029.0,1520,19.0,87.0,13.97,18.65,0.0,0.26
LTIM,Mar 2021,12370,2725.0,1938,22.0,111.0,15.67,22.03,27.59,27.5
LTIM,Mar 2022,26109,5249.0,3950,20.0,225.0,15.13,20.1,102.7,103.82
LTIM,Mar 2023,33183,6108.0,4410,18.0,149.0,13.29,18.41,-33.78,11.65
LTIM,Mar 2024,35517,6387.0,4585,18.0,155.0,12.91,17.98,4.03,3.97
LTIM,TTM,37129,6434.0,4574,17.0,154.0,12.32,17.33,-0.65,-0.24
M&M,Mar 2013,68693,9116.0,4129,13.0,33.0,6.01,13.27,,
M&M,Mar 2014,74001,10170.0,5154,14.0,38.0,6.96,13.74,15.15,24.82
M&M,Mar 2015,71448,8793.0,3381,12.0,25.0,4.73,12.31,-34.21,-34.4
M&M,Mar 2016,75841,10082.0,3554,13.0,25.0,4.69,13.29,0.0,5.12
M&M,Mar 2017,83773,10735.0,4051,13.0,30.0,4.84,12.81,20.0,13.98
M&M,Mar 2018,92094,13226.0,7958,14.0,60.0,8.64,14.36,100.0,96.45
M&M,Mar 2019,104721,15207.0,6017,15.0,43.0,5.75,14.52,-28.33,-24.39
M&M,Mar 2020,75382,10158.0,-321,13.0,1.0,-0.43,13.48,-97.67,-105.33
M&M,Mar 2021,74278,11487.0,1512,15.0,15.0,2.04,15.46,1400.0,-571.03
M&M,Mar 2022,90171,14683.0,7253,16.0,53.0,8.04,16.28,253.33,379.7
M&M,Mar 2023,121269,20285.0,11374,17.0,83.0,9.38,16.73,56.6,56.82
M&M,Mar 2024,139078,24892.0,12270,18.0,91.0,8.82,17.9,9.64,7.88
M&M,TTM,145893,27204.0,13009,19.0,95.0,8.92,18.65,4.4,6.02
MARUTI,Mar 2013,44304,4361.0,2470,10.0,82.0,5.58,9.84,,
MARUTI,Mar 2014,44542,5310.0,2854,12.0,94.0,6.41,11.92,14.63,15.55
MARUTI,Mar 2015,50801,6892.0,3809,14.0,126.0,7.5,13.57,34.04,33.46
MARUTI,Mar 2016,57589,9024.0,5497,16.0,182.0,9.55,15.67,44.44,44.32
MARUTI,Mar 2017,68085,10421.0,7511,15.0,249.0,11.03,15.31,36.81,36.64
MARUTI,Mar 2018,79809,12118.0,7881,15.0,261.0,9.87,15.18,4.82,4.93
MARUTI,Mar 2019,86068,11056.0,7651,13.0,253.0,8.89,12.85,-3.07,-2.92
MARUTI,Mar 2020,75660,7355.0,5678,10.0,188.0,7.5,9.72,-25.69,-25.79
MARUTI,Mar 2021,70372,5411.0,4389,8.0,145.0,6.24,7.69,-22.87,-22.7
MARUTI,Mar 2022,88330,5752.0,3880,7.0,128.0,4.39,6.51,-11.72,-11.6
MARUTI,Mar 2023,118410,13122.0,8264,11.0,274.0,6.98,11.08,114.06,112.99
MARUTI,Mar 2024,141858,18626.0,13488,13.0,429.0,9.51,13.13,56.57,63.21
MARUTI,TTM,145213,19766.0,14021,14.0,446.0,9.66,13.61,3.96,3.95
MOTHERSON,Mar 2013,25298,1480.0,452,6.0,1.0,1.79,5.85,,
MOTHERSON,Mar 2014,30414,2397.0,1097,8.0,2.0,3.61,7.88,100.0,142.7
MOTHERSON,Mar 2015,34661,2844.0,1292,8.0,2.0,3.73,8.21,0.0,17.78
MOTHERSON,Mar 2016,37216,3548.0,1774,10.0,3.0,4.77,9.53,50.0,37.31
MOTHERSON,Mar 2017,42376,4171.0,2172,10.0,3.0,5.13,9.84,0.0,22.44
MOTHERSON,Mar 2018,56303,5128.0,2260,9.0,3.0,4.01,9.11,0.0,4.05
MOTHERSON,Mar 2019,63523,5348.0,2098,8.0,3.0,3.3,8.42,0.0,-7.17
MOTHERSON,Mar 2020,60729,4654.0,1294,8.0,2.0,2.13,7.66,-33.33,-38.32
MOTHERSON,Mar 2021,57370,4370.0,1569,8.0,2.0,2.73,7.62,0.0,21.25
MOTHERSON,Mar 2022,63774,4714.0,1182,7.0,1.0,1.85,7.39,-50.0,-24.67
MOTHERSON,Mar 2023,78788,6251.0,1670,8.0,2.0,2.12,7.93,100.0,41.29
MOTHERSON,Mar 2024,98692,9322.0,3020,9.0,4.0,3.06,9.45,100.0,80.84
MOTHERSON,TTM,109382,10474.0,4123,10.0,6.0,3.77,9.58,50.0,36.52
NAUKRI,Mar 2013,472,121.0,76,26.0,8.0,16.1,25.64,,
NAUKRI,Mar 2014,567,97.0,60,17.0,8.0,10.58,17.11,0.0,-21.05
NAUKRI,Mar 2015,732,21.0,-14,3.0,2.0,-1.91,2.87,-75.0,-123.33
NAUKRI,Mar 2016,748,91.0,118,12.0,11.0,15.78,12.17,450.0,-942.86
NAUKRI,Mar 2017,888,-9.0,-43,-1.0,-2.0,-4.84,-1.01,-118.18,-136.44
NAUKRI,Mar 2018,988,219.0,501,22.0,42.0,50.71,22.17,-2200.0,-1265.12
NAUKRI,Mar 2019,1151,9.0,592,1.0,49.0,51.43,0.78,16.67,18.16
NAUKRI,Mar 2020,1312,-350.0,-246,-27.0,-19.0,-18.75,-26.68,-138.78,-141.55
NAUKRI,Mar 2021,1128,74.0,1418,7.0,110.0,125.71,6.56,-678.95,-676.42
NAUKRI,Mar 2022,1589,446.0,12882,28.0,991.0,810.7,28.07,800.91,808.46
NAUKRI,Mar 2023,2346,348.0,-70,15.0,-8.0,-2.98,14.83,-100.81,-100.54
NAUKRI,Mar 2024,2536,711.0,595,28.0,44.0,23.46,28.04,-650.0,-950.0
NAUKRI,TTM,2662,751.0,551,28.0,36.0,20.7,28.21,-18.18,-7.39
NESTLEIND,Dec 2013,9101,1948.0,1117,21.0,12.0,12.27,21.4,,
NESTLEIND,Dec 2014,9855,2039.0,1185,21.0,12.0,12.02,20.69,0.0,6.09
NESTLEIND,Dec 2015,8175,1555.0,563,19.0,6.0,6.89,19.02,-50.0,-52.49
NESTLEIND,Dec 2016,9141,1850.0,1001,20.0,10.0,10.95,20.24,66.67,77.8
NESTLEIND,Dec 2017,10010,2097.0,1225,21.0,13.0,12.24,20.95,30.0,22.38
NESTLEIND,Dec 2018,11292,2618.0,1607,23.0,17.0,14.23,23.18,30.77,31.18
NESTLEIND,Dec 2019,12369,2926.0,1968,24.0,20.0,15.91,23.66,17.65,22.46
NESTLEIND,Dec 2020,13350,3202.0,2082,24.0,22.0,15.6,23.99,10.0,5.79
NESTLEIND,Dec 2021,14741,3562.0,2118,24.0,22.0,14.37,24.16,0.0,1.73
NESTLEIND,Dec 2022,16897,3706.0,2391,22.0,25.0,14.15,21.93,13.64,12.89
NESTLEIND,Dec 2023,19126,4471.0,2999,23.0,31.0,15.68,23.38,24.0,25.43
NESTLEIND,Mar 2024,24394,5813.0,3933,24.0,41.0,16.12,23.83,32.26,31.14
NESTLEIND,TTM,19786,4726.0,3323,24.0,34.0,16.79,23.89,-17.07,-15.51
NHPC,Mar 2013,6381,4152.0,2873,65.0,2.0,45.02,65.07,,
NHPC,Mar 2014,7389,4342.0,1633,59.0,1.0,22.1,58.76,-50.0,-43.16
NHPC,Mar 2015,8221,5134.0,2798,62.0,2.0,34.03,62.45,100.0,71.34
NHPC,Mar 2016,8354,4783.0,2365,57.0,2.0,28.31,57.25,0.0,-15.48
NHPC,Mar 2017,8623,4884.0,3480,57.0,3.0,40.36,56.64,50.0,47.15
NHPC,Mar 2018,7755,4248.0,2785,55.0,2.0,35.91,54.78,-33.33,-19.97
NHPC,Mar 2019,8983,4981.0,2836,55.0,3.0,31.57,55.45,50.0,1.83
NHPC,Mar 2020,10008,5446.0,3345,54.0,3.0,33.42,54.42,0.0,17.95
NHPC,Mar 2021,9648,5277.0,3600,55.0,3.0,37.31,54.7,0.0,7.62
NHPC,Mar 2022,9144,4013.0,3774,44.0,4.0,41.27,43.89,33.33,4.83
NHPC,Mar 2023,10607,6184.0,4261,58.0,4.0,40.17,58.3,0.0,12.9
NHPC,Mar 2024,9632,4807.0,4028,50.0,4.0,41.82,49.91,0.0,-5.47
NHPC,TTM,9690,5015.0,3417,52.0,3.0,35.26,51.75,-25.0,-15.17
NTPC,Mar 2013,71518,18149.0,12586,25.0,13.0,17.6,25.38,,
NTPC,Mar 2014,78330,19727.0,11403,25.0,12.0,14.56,25.18,-7.69,-9.4
NTPC,Mar 2015,79957,17352.0,9992,22.0,10.0,12.5,21.7,-16.67,-12.37
NTPC,Mar 2016,73396,18568.0,10781,25.0,11.0,14.69,25.3,10.0,7.9
NTPC,Mar 2017,82042,21598.0,10714,26.0,11.0,13.06,26.33,0.0,-0.62
NTPC,Mar 2018,88083,22485.0,10502,26.0,11.0,11.92,25.53,0.0,-1.98
NTPC,Mar 2019,100287,22710.0,14034,23.0,14.0,13.99,22.65,27.27,33.63
NTPC,Mar 2020,109464,31586.0,11902,29.0,12.0,10.87,28.86,-14.29,-15.19
NTPC,Mar 2021,111531,34044.0,14969,31.0,15.0,13.42,30.52,25.0,25.77
NTPC,Mar 2022,132669,40362.0,16960,30.0,17.0,12.78,30.42,13.33,13.3
NTPC,Mar 2023,176207,47596.0,17121,27.0,17.0,9.72,27.01,0.0,0.95
NTPC,Mar 2024,178501,51456.0,21332,29.0,21.0,11.95,28.83,23.53,24.6
NTPC,TTM,185892,52392.0,22546,28.0,23.0,12.13,28.18,9.52,5.69
ONGC,Mar 2013,161984,43501.0,23994,27.0,19.0,14.81,26.86,,
ONGC,Mar 2014,174121,49130.0,26665,28.0,21.0,15.31,28.22,10.53,11.13
ONGC,Mar 2015,160923,42312.0,17703,26.0,14.0,11.0,26.29,-33.33,-33.61
ONGC,Mar 2016,124036,39135.0,13102,32.0,10.0,10.56,31.55,-28.57,-25.99
ONGC,Mar 2017,282506,52804.0,29169,19.0,19.0,10.33,18.69,90.0,122.63
ONGC,Mar 2018,322706,56889.0,26068,18.0,17.0,8.08,17.63,-10.53,-10.63
ONGC,Mar 2019,421624,74819.0,33938,18.0,24.0,8.05,17.75,41.18,30.19
ONGC,Mar 2020,396728,52105.0,11456,13.0,9.0,2.89,13.13,-62.5,-66.24
ONGC,Mar 2021,303849,49473.0,21360,16.0,13.0,7.03,16.28,44.44,86.45
ONGC,Mar 2022,491246,79874.0,49294,16.0,36.0,10.03,16.26,176.92,130.78
ONGC,Mar 2023,632291,75527.0,32778,12.0,28.0,5.18,11.94,-22.22,-33.51
ONGC,Mar 2024,591396,102835.0,57101,17.0,39.0,9.66,17.39,39.29,74.21
ONGC,TTM,658694,85870.0,42320,13.0,33.0,6.42,13.04,-15.38,-25.89
PFC,Mar 2013,17314,5987.0,4438,35.0,13.0,25.63,34.58,,
PFC,Mar 2014,21407,7607.0,5462,36.0,17.0,25.52,35.54,30.77,23.07
PFC,Mar 2015,24988,8429.0,6004,34.0,18.0,24.03,33.73,5.88,9.92
PFC,Mar 2016,27861,9162.0,6184,33.0,19.0,22.2,32.88,5.56,3.0
PFC,Mar 2017,27581,5275.0,2236,19.0,7.0,8.11,19.13,-63.16,-63.84
PFC,Mar 2018,48624,11752.0,8797,24.0,20.0,18.09,24.17,185.71,293.43
PFC,Mar 2019,54106,17783.0,12640,33.0,30.0,23.36,32.87,50.0,43.69
PFC,Mar 2020,62189,14012.0,9477,23.0,22.0,15.24,22.53,-26.67,-25.02
PFC,Mar 2021,71656,19871.0,15716,28.0,36.0,21.93,27.73,63.64,65.83
PFC,Mar 2022,76262,23338.0,18768,31.0,42.0,24.61,30.6,16.67,19.42
PFC,Mar 2023,77684,26501.0,21179,34.0,48.0,27.26,34.11,14.29,12.85
PFC,Mar 2024,91508,33573.0,26461,37.0,60.0,28.92,36.69,25.0,24.94
PFC,TTM,98152,35764.0,28248,36.0,64.0,28.78,36.44,6.67,6.75
PIDILITIND,Mar 2013,3678,558.0,424,15.0,8.0,11.53,15.17,,
PIDILITIND,Mar 2014,4283,672.0,450,16.0,9.0,10.51,15.69,12.5,6.13
PIDILITIND,Mar 2015,4844,771.0,514,16.0,10.0,10.61,15.92,11.11,14.22
PIDILITIND,Mar 2016,5361,1173.0,807,22.0,16.0,15.05,21.88,60.0,57.0
PIDILITIND,Mar 2017,5617,1262.0,863,22.0,17.0,15.36,22.47,6.25,6.94
PIDILITIND,Mar 2018,6078,1341.0,966,22.0,19.0,15.89,22.06,11.76,11.94
PIDILITIND,Mar 2019,7078,1371.0,928,19.0,18.0,13.11,19.37,-5.26,-3.93
PIDILITIND,Mar 2020,7294,1576.0,1122,22.0,22.0,15.38,21.61,22.22,20.91
PIDILITIND,Mar 2021,7293,1686.0,1126,23.0,22.0,15.44,23.12,0.0,0.36
PIDILITIND,Mar 2022,9921,1856.0,1207,19.0,24.0,12.17,18.71,9.09,7.19
PIDILITIND,Mar 2023,11799,1986.0,1289,17.0,25.0,10.92,16.83,4.17,6.79
PIDILITIND,Mar 2024,12383,2708.0,1747,22.0,34.0,14.11,21.87,36.0,35.53
PIDILITIND,TTM,12901,2952.0,1973,23.0,38.0,15.29,22.88,11.76,12.94
PNB,Mar 2013,43071,,5020,,28.0,11.66,,,
PNB,Mar 2014,44958,,3674,,20.0,8.17,,-28.57,-26.81
PNB,Mar 2015,48710,,3525,,18.0,7.24,,-10.0,-4.06
PNB,Mar 2016,50804,,-3510,,-19.0,-6.91,,-205.56,-199.57
PNB,Mar 2017,48058,,1239,,6.0,2.58,,-131.58,-135.3
PNB,Mar 2018,48725,,-12111,,-44.0,-24.86,,-833.33,-1077.48
PNB,Mar 2019,52147,,-9550,,-21.0,-18.31,,-52.27,-21.15
PNB,Mar 2020,54918,,485,,1.0,0.88,,-104.76,-105.08
PNB,Mar 2021,81935,,2695,,2.0,3.29,,100.0,455.67
PNB,Mar 2022,76242,,3908,,4.0,5.13,,100.0,45.01
PNB,Mar 2023,86845,,3359,,3.0,3.87,,-25.0,-14.05
PNB,Mar 2024,109065,,9157,,8.0,8.4,,166.67,172.61
PNB,TTM,116126,,14535,,13.0,12.52,,62.5,58.73
POWERGRID,Mar 2013,13081,10837.0,4313,83.0,5.0,32.97,82.85,,
POWERGRID,Mar 2014,15555,12967.0,4548,83.0,5.0,29.24,83.36,0.0,5.45
POWERGRID,Mar 2015,17540,14927.0,5046,85.0,5.0,28.77,85.1,0.0,10.95
POWERGRID,Mar 2016,20652,18184.0,5959,88.0,6.0,28.85,88.05,20.0,18.09
POWERGRID,Mar 2017,25697,22450.0,7451,87.0,8.0,29.0,87.36,33.33,25.04
POWERGRID,Mar 2018,29954,25961.0,8204,87.0,9.0,27.39,86.67,12.5,10.11
POWERGRID,Mar 2019,35059,26920.0,10034,77.0,11.0,28.62,76.78,22.22,22.31
POWERGRID,Mar 2020,37744,32886.0,11059,87.0,12.0,29.3,87.13,9.09,10.22
POWERGRID,Mar 2021,39640,34906.0,12036,88.0,13.0,30.36,88.06,8.33,8.83
POWERGRID,Mar 2022,41622,35826.0,16824,86.0,18.0,40.42,86.07,38.46,39.78
POWERGRID,Mar 2023,45603,39576.0,15420,87.0,17.0,33.81,86.78,-5.56,-8.35
POWERGRID,Mar 2024,45843,39826.0,15573,87.0,17.0,33.97,86.87,0.0,0.99
POWERGRID,TTM,45812,39235.0,15712,86.0,17.0,34.3,85.64,0.0,0.89
RECLTD,Mar 2013,13634,13270.0,3833,97.0,15.0,28.11,97.33,,
RECLTD,Mar 2014,17223,16650.0,4741,97.0,18.0,27.53,96.67,20.0,23.69
RECLTD,Mar 2015,20544,19395.0,5344,94.0,20.0,26.01,94.41,11.11,12.72
RECLTD,Mar 2016,24125,22445.0,5691,93.0,22.0,23.59,93.04,10.0,6.49
RECLTD,Mar 2017,24338,22450.0,6313,92.0,24.0,25.94,92.24,9.09,10.93
RECLTD,Mar 2018,22658,19279.0,4451,85.0,17.0,19.64,85.09,-29.17,-29.49
RECLTD,Mar 2019,25408,23705.0,5741,93.0,22.0,22.6,93.3,29.41,28.98
RECLTD,Mar 2020,29942,25961.0,4972,87.0,19.0,16.61,86.7,-13.64,-13.39
RECLTD,Mar 2021,35557,32265.0,8378,91.0,32.0,23.56,90.74,68.42,68.5
RECLTD,Mar 2022,39276,34438.0,10036,88.0,38.0,25.55,87.68,18.75,19.79
RECLTD,Mar 2023,39486,37628.0,11167,95.0,42.0,28.28,95.29,10.53,11.27
RECLTD,Mar 2024,47517,47883.0,14145,101.0,54.0,29.77,100.77,28.57,26.67
RECLTD,TTM,51490,50860.0,14885,99.0,57.0,28.91,98.78,5.56,5.23
RELIANCE,Mar 2013,395957,33155.0,20886,8.0,15.0,5.27,8.37,,
RELIANCE,Mar 2014,433521,34935.0,22548,8.0,16.0,5.2,8.06,6.67,7.96
RELIANCE,Mar 2015,374372,37449.0,23640,10.0,17.0,6.31,10.0,6.25,4.84
RELIANCE,Mar 2016,272583,41781.0,29861,15.0,22.0,10.95,15.33,29.41,26.32
RELIANCE,Mar 2017,303954,46307.0,29833,15.0,22.0,9.81,15.23,0.0,-0.09
RELIANCE,Mar 2018,390823,64315.0,36080,16.0,27.0,9.23,16.46,22.73,20.94
RELIANCE,Mar 2019,568337,84250.0,39837,15.0,29.0,7.01,14.82,7.41,10.41
RELIANCE,Mar 2020,596679,89266.0,39880,15.0,29.0,6.68,14.96,0.0,0.11
RELIANCE,Mar 2021,466307,80790.0,53739,17.0,39.0,11.52,17.33,34.48,34.75
RELIANCE,Mar 2022,694673,108581.0,67845,16.0,45.0,9.77,15.63,15.38,26.25
RELIANCE,Mar 2023,876396,142318.0,74088,16.0,49.0,8.45,16.24,8.89,9.2
RELIANCE,Mar 2024,899041,162498.0,79020,18.0,51.0,8.79,18.07,4.08,6.66
RELIANCE,TTM,939838,164128.0,79941,17.0,51.0,8.51,17.46,0.0,1.17
SBILIFE,Mar 2013,14870,427.0,630,3.0,6.0,4.24,2.87,,
SBILIFE,Mar 2014,17258,511.0,728,3.0,7.0,4.22,2.96,16.67,15.56
SBILIFE,Mar 2015,23399,794.0,815,3.0,8.0,3.48,3.39,14.29,11.95
SBILIFE,Mar 2016,19324,920.0,844,5.0,8.0,4.37,4.76,0.0,3.56
SBILIFE,Mar 2017,30548,1068.0,955,4.0,10.0,3.13,3.5,25.0,13.15
SBILIFE,Mar 2018,34068,1332.0,1150,4.0,12.0,3.38,3.91,20.0,20.42
SBILIFE,Mar 2019,44604,1474.0,1327,3.0,13.0,2.98,3.3,8.33,15.39
SBILIFE,Mar 2020,43798,1351.0,1422,3.0,14.0,3.25,3.08,7.69,7.16
SBILIFE,Mar 2021,81913,872.0,1456,1.0,15.0,1.78,1.06,7.14,2.39
SBILIFE,Mar 2022,82983,730.0,1506,1.0,15.0,1.81,0.88,0.0,3.43
SBILIFE,Mar 2023,80636,122.0,1721,0.0,17.0,2.13,0.15,13.33,14.28
SBILIFE,Mar 2024,131988,246.0,1894,0.0,19.0,1.43,0.19,11.76,10.05
SBILIFE,TTM,130073,1007.0,2411,1.0,24.0,1.85,0.77,26.32,27.3
SBIN,Mar 2013,167976,-5124.0,18555,-3.0,26.0,11.05,-3.05,,
SBIN,Mar 2014,189062,-14614.0,14807,-8.0,19.0,7.83,-7.73,-26.92,-20.2
SBIN,Mar 2015,207974,-21879.0,17832,-11.0,23.0,8.57,-10.52,21.05,20.43
SBIN,Mar 2016,220633,-32399.0,13019,-15.0,16.0,5.9,-14.68,-30.43,-26.99
SBIN,Mar 2017,230447,-64334.0,-97,-28.0,0.0,-0.04,-27.92,-100.0,-100.75
SBIN,Mar 2018,228970,-86697.0,-3749,-38.0,-5.0,-1.64,-37.86,-inf,3764.95
SBIN,Mar 2019,253322,-68649.0,3351,-27.0,3.0,1.32,-27.1,-160.0,-189.38
SBIN,Mar 2020,269852,-64181.0,21140,-24.0,22.0,7.83,-23.78,633.33,530.86
SBIN,Mar 2021,278115,-70715.0,23888,-25.0,25.0,8.59,-25.43,13.64,13.0
SBIN,Mar 2022,289973,-63570.0,37183,-22.0,40.0,12.82,-21.92,60.0,55.66
SBIN,Mar 2023,350845,-43439.0,57750,-12.0,62.0,16.46,-12.38,55.0,55.31
SBIN,Mar 2024,439189,-60297.0,69543,-14.0,75.0,15.83,-13.73,20.97,20.42
SBIN,TTM,469625,-59190.0,74461,-13.0,80.0,15.86,-12.6,6.67,7.07
SHREECEM,Jun 2013,5418,1561.0,1004,29.0,288.0,18.53,28.81,,
SHREECEM,Jun 2014,5715,1390.0,787,24.0,226.0,13.77,24.32,-21.53,-21.61
SHREECEM,Jun 2015,6259,1344.0,426,21.0,122.0,6.81,21.47,-46.02,-45.87
SHREECEM,Mar 2016 9m,5514,1407.0,1143,26.0,328.0,20.73,25.52,168.85,168.31
SHREECEM,Mar 2017,8594,2513.0,1339,29.0,384.0,15.58,29.24,17.07,17.15
SHREECEM,Mar 2018,9833,2473.0,1384,25.0,397.0,14.08,25.15,3.39,3.36
SHREECEM,Mar 2019,12555,2797.0,1015,22.0,289.0,8.08,22.28,-27.2,-26.66
SHREECEM,Mar 2020,12868,3771.0,1544,29.0,426.0,12.0,29.31,47.4,52.12
SHREECEM,Mar 2021,13560,4091.0,2337,30.0,646.0,17.23,30.17,51.64,51.36
SHREECEM,Mar 2022,15010,3710.0,1269,25.0,352.0,8.45,24.72,-45.51,-45.7
SHREECEM,Mar 2023,17852,2960.0,2369,17.0,664.0,13.27,16.58,88.64,86.68
SHREECEM,Mar 2024,20521,4518.0,1733,22.0,480.0,8.45,22.02,-27.71,-26.85
SHREECEM,TTM,19802,4226.0,1733,21.0,480.0,8.75,21.34,0.0,0.0
SHRIRAMFIN,Mar 2013,7009,2179.0,1463,31.0,12.0,20.87,31.09,,
SHRIRAMFIN,Mar 2014,8476,1999.0,1358,24.0,11.0,16.02,23.58,-8.33,-7.18
SHRIRAMFIN,Mar 2015,9177,1691.0,1028,18.0,8.0,11.2,18.43,-27.27,-24.3
SHRIRAMFIN,Mar 2016,10359,1824.0,1184,18.0,9.0,11.43,17.61,12.5,15.18
SHRIRAMFIN,Mar 2017,10903,1972.0,1266,18.0,10.0,11.61,18.09,11.11,6.93
SHRIRAMFIN,Mar 2018,13502,3805.0,2549,28.0,20.0,18.88,28.18,100.0,101.34
SHRIRAMFIN,Mar 2019,15536,3801.0,2576,24.0,20.0,16.58,24.47,0.0,1.06
SHRIRAMFIN,Mar 2020,16561,3565.0,2512,22.0,20.0,15.17,21.53,0.0,-2.48
SHRIRAMFIN,Mar 2021,17422,3402.0,2499,20.0,18.0,14.34,19.53,-10.0,-0.52
SHRIRAMFIN,Mar 2022,19255,3666.0,2721,19.0,20.0,14.13,19.04,11.11,8.88
SHRIRAMFIN,Mar 2023,30492,8799.0,6020,29.0,32.0,19.74,28.86,60.0,121.24
SHRIRAMFIN,Mar 2024,36388,10523.0,7399,29.0,39.0,20.33,28.92,21.88,22.91
SHRIRAMFIN,TTM,39864,11416.0,9454,29.0,50.0,23.72,28.64,28.21,27.77
SIEMENS,Sep 2011,11955,1171.0,868,10.0,,7.26,9.8,,
SIEMENS,Sep 2014,10678,119.0,603,1.0,17.0,5.65,1.11,,-30.53
SIEMENS,Sep 2015,10563,998.0,1174,9.0,33.0,11.11,9.45,94.12,94.69
SIEMENS,Sep 2016,10837,1021.0,2914,9.0,82.0,26.89,9.42,148.48,148.21
SIEMENS,Sep 2017,11065,1056.0,1137,10.0,32.0,10.28,9.54,-60.98,-60.98
SIEMENS,Sep 2018,12795,1327.0,901,10.0,25.0,7.04,10.37,-21.88,-20.76
SIEMENS,Sep 2019,13084,1490.0,1099,11.0,31.0,8.4,11.39,24.0,21.98
SIEMENS,Sep 2020,9946,1003.0,769,10.0,22.0,7.73,10.08,-29.03,-30.03
SIEMENS,Sep 2021,13198,1452.0,1089,11.0,31.0,8.25,11.0,40.91,41.61
SIEMENS,Sep 2022,16138,1860.0,1543,12.0,43.0,9.56,11.53,38.71,41.69
SIEMENS,Sep 2023,19554,2487.0,1962,13.0,55.0,10.03,12.72,27.91,27.15
SIEMENS,Sep 2024,22240,3104.0,2718,14.0,76.0,12.22,13.96,38.18,38.53
SUNPHARMA,Mar 2013,11131,4784.0,3469,43.0,14.0,31.17,42.98,,
SUNPHARMA,Mar 2014,16080,7003.0,3879,44.0,15.0,24.12,43.55,7.14,11.82
SUNPHARMA,Mar 2015,27392,7894.0,5476,29.0,22.0,19.99,28.82,46.67,41.17
SUNPHARMA,Mar 2016,28487,8174.0,5658,29.0,19.0,19.86,28.69,-13.64,3.32
SUNPHARMA,Mar 2017,31578,10102.0,7846,32.0,29.0,24.85,31.99,52.63,38.67
SUNPHARMA,Mar 2018,26489,5631.0,2542,21.0,9.0,9.6,21.26,-68.97,-67.6
SUNPHARMA,Mar 2019,29066,6377.0,3208,22.0,11.0,11.04,21.94,22.22,26.2
SUNPHARMA,Mar 2020,32838,6983.0,4172,21.0,16.0,12.7,21.26,45.45,30.05
SUNPHARMA,Mar 2021,33498,8470.0,2272,25.0,12.0,6.78,25.29,-25.0,-45.54
SUNPHARMA,Mar 2022,38654,10258.0,3389,27.0,14.0,8.77,26.54,16.67,49.16
SUNPHARMA,Mar 2023,43886,11650.0,8513,27.0,35.0,19.4,26.55,150.0,151.2
SUNPHARMA,Mar 2024,48497,13018.0,9610,28.0,40.0,19.82,26.84,14.29,12.89
SUNPHARMA,TTM,50308,14059.0,11117,27.0,46.0,22.1,27.95,15.0,15.68
TATACONSUM,Mar 2013,7351,770.0,445,10.0,6.0,6.05,10.47,,
TATACONSUM,Mar 2014,7738,752.0,510,10.0,7.0,6.59,9.72,16.67,14.61
TATACONSUM,Mar 2015,7993,792.0,273,10.0,4.0,3.42,9.91,-42.86,-46.47
TATACONSUM,Mar 2016,6637,366.0,-37,6.0,0.0,-0.56,5.51,-100.0,-113.55
TATACONSUM,Mar 2017,6780,791.0,455,12.0,6.0,6.71,11.67,inf,-1329.73
TATACONSUM,Mar 2018,6815,839.0,556,12.0,8.0,8.16,12.31,33.33,22.2
TATACONSUM,Mar 2019,7252,786.0,457,11.0,6.0,6.3,10.84,-25.0,-17.81
TATACONSUM,Mar 2020,9637,1292.0,460,13.0,5.0,4.77,13.41,-16.67,0.66
TATACONSUM,Mar 2021,11602,1544.0,930,13.0,9.0,8.02,13.31,80.0,102.17
TATACONSUM,Mar 2022,12425,1719.0,1015,14.0,10.0,8.17,13.84,11.11,9.14
TATACONSUM,Mar 2023,13783,1856.0,1320,13.0,12.0,9.58,13.47,20.0,30.05
TATACONSUM,Mar 2024,15206,2284.0,1215,15.0,12.0,7.99,15.02,0.0,-7.95
TATACONSUM,TTM,16297,2496.0,1170,15.0,12.0,7.18,15.32,0.0,-3.7
TATAMOTORS,Mar 2013,188793,24596.0,9976,13.0,35.0,5.28,13.03,,
TATAMOTORS,Mar 2014,232834,34853.0,14050,15.0,48.0,6.03,14.97,37.14,40.84
TATAMOTORS,Mar 2015,263159,39239.0,14073,15.0,48.0,5.35,14.91,0.0,0.16
TATAMOTORS,Mar 2016,273046,38395.0,11678,14.0,40.0,4.28,14.06,-16.67,-17.02
TATAMOTORS,Mar 2017,269693,29589.0,7557,11.0,26.0,2.8,10.97,-35.0,-35.29
TATAMOTORS,Mar 2018,291550,31458.0,9091,11.0,31.0,3.12,10.79,19.23,20.3
TATAMOTORS,Mar 2019,301938,24664.0,-28724,8.0,-100.0,-9.51,8.17,-422.58,-415.96
TATAMOTORS,Mar 2020,261068,17987.0,-11975,7.0,-39.0,-4.59,6.89,-61.0,-58.31
TATAMOTORS,Mar 2021,249795,32287.0,-13395,13.0,-41.0,-5.36,12.93,5.13,11.86
TATAMOTORS,Mar 2022,278454,24720.0,-11309,9.0,-34.0,-4.06,8.88,-17.07,-15.57
TATAMOTORS,Mar 2023,345967,31816.0,2690,9.0,7.0,0.78,9.2,-120.59,-123.79
TATAMOTORS,Mar 2024,437928,59538.0,31807,14.0,94.0,7.26,13.6,1242.86,1082.42
TATAMOTORS,TTM,440061,60497.0,33816,14.0,99.0,7.68,13.75,5.32,6.32
TATAPOWER,Mar 2013,33177,5595.0,123,17.0,0.0,0.37,16.86,,
TATAPOWER,Mar 2014,35726,6916.0,12,19.0,-1.0,0.03,19.36,-inf,-90.24
TATAPOWER,Mar 2015,33593,6301.0,457,19.0,1.0,1.36,18.76,-200.0,3708.33
TATAPOWER,Mar 2016,29494,2105.0,786,7.0,2.0,2.66,7.14,100.0,71.99
TATAPOWER,Mar 2017,27588,5473.0,1100,20.0,3.0,3.99,19.84,50.0,39.95
TATAPOWER,Mar 2018,26840,2295.0,2611,9.0,9.0,9.73,8.55,200.0,137.36
TATAPOWER,Mar 2019,29881,3070.0,2606,10.0,9.0,8.72,10.27,0.0,-0.19
TATAPOWER,Mar 2020,29136,6805.0,1316,23.0,4.0,4.52,23.36,-55.56,-49.5
TATAPOWER,Mar 2021,32703,6921.0,1439,21.0,4.0,4.4,21.16,0.0,9.35
TATAPOWER,Mar 2022,42816,7031.0,2156,16.0,5.0,5.04,16.42,25.0,49.83
TATAPOWER,Mar 2023,55109,7728.0,3810,14.0,10.0,6.91,14.02,100.0,76.72
TATAPOWER,Mar 2024,61449,10735.0,4280,17.0,12.0,6.97,17.47,20.0,12.34
TATAPOWER,TTM,63489,11057.0,4403,17.0,12.0,6.94,17.42,0.0,2.87
TATASTEEL,Mar 2013,134712,3965.0,-7272,3.0,-6.0,-5.4,2.94,,
TATASTEEL,Mar 2014,148614,16184.0,3665,11.0,3.0,2.47,10.89,-150.0,-150.4
TATASTEEL,Mar 2015,139504,3409.0,-3939,2.0,-3.0,-2.82,2.44,-200.0,-207.48
TATASTEEL,Mar 2016,101965,-625.0,-497,-1.0,0.0,-0.49,-0.61,-100.0,-87.38
TATASTEEL,Mar 2017,112299,13144.0,-4169,12.0,-4.0,-3.71,11.7,-inf,738.83
TATASTEEL,Mar 2018,123249,21433.0,17743,17.0,12.0,14.4,17.39,-400.0,-525.59
TATASTEEL,Mar 2019,157669,29318.0,9122,19.0,9.0,5.79,18.59,-25.0,-48.59
TATASTEEL,Mar 2020,139817,17463.0,1174,12.0,1.0,0.84,12.49,-88.89,-87.13
TATASTEEL,Mar 2021,156294,30504.0,8190,20.0,6.0,5.24,19.52,500.0,597.61
TATASTEEL,Mar 2022,243959,63490.0,41749,26.0,33.0,17.11,26.02,450.0,409.76
TATASTEEL,Mar 2023,243353,32300.0,8075,13.0,7.0,3.32,13.27,-78.79,-80.66
TATASTEEL,Mar 2024,229171,22248.0,-4910,10.0,-4.0,-2.14,9.71,-157.14,-160.8
TATASTEEL,TTM,221012,25314.0,2527,11.0,2.0,1.14,11.45,-150.0,-151.47
TCS,Mar 2013,62989,18040.0,14076,29.0,36.0,22.35,28.64,,
TCS,Mar 2014,81809,25153.0,19332,31.0,49.0,23.63,30.75,36.11,37.34
TCS,Mar 2015,94648,24482.0,20060,26.0,51.0,21.19,25.87,4.08,3.77
TCS,Mar 2016,108646,30677.0,24338,28.0,62.0,22.4,28.24,21.57,21.33
TCS,Mar 2017,117966,32311.0,26357,27.0,67.0,22.34,27.39,8.06,8.3
TCS,Mar 2018,123104,32516.0,25880,26.0,67.0,21.02,26.41,0.0,-1.81
TCS,Mar 2019,146463,39506.0,31562,27.0,84.0,21.55,26.97,25.37,21.96
TCS,Mar 2020,156949,42109.0,32447,27.0,86.0,20.67,26.83,2.38,2.8
TCS,Mar 2021,164177,46546.0,32562,28.0,88.0,19.83,28.35,2.33,0.35
TCS,Mar 2022,191754,53057.0,38449,28.0,105.0,20.05,27.67,19.32,18.08
TCS,Mar 2023,225458,59259.0,42303,26.0,115.0,18.76,26.28,9.52,10.02
TCS,Mar 2024,240893,64296.0,46099,27.0,127.0,19.14,26.69,10.43,8.97
TCS,TTM,252082,67591.0,49006,27.0,135.0,19.44,26.81,6.3,6.31
TECHM,Mar 2013,6873,1422.0,1307,21.0,25.0,19.02,20.69,,
TECHM,Mar 2014,18802,4172.0,3062,22.0,32.0,16.29,22.19,28.0,134.28
TECHM,Mar 2015,22621,4193.0,2659,19.0,27.0,11.75,18.54,-15.62,-13.16
TECHM,Mar 2016,26494,4260.0,3027,16.0,31.0,11.43,16.08,14.81,13.84
TECHM,Mar 2017,29141,4184.0,2851,14.0,29.0,9.78,14.36,-6.45,-5.81
TECHM,Mar 2018,30773,4710.0,3786,15.0,39.0,12.3,15.31,34.48,32.8
TECHM,Mar 2019,34742,6271.0,4289,18.0,44.0,12.35,18.05,12.82,13.29
TECHM,Mar 2020,36868,5503.0,3897,15.0,42.0,10.57,14.93,-4.55,-9.14
TECHM,Mar 2021,37855,6796.0,4353,18.0,46.0,11.5,17.95,9.52,11.7
TECHM,Mar 2022,44646,8020.0,5630,18.0,57.0,12.61,17.96,23.91,29.34
TECHM,Mar 2023,53290,7763.0,4857,15.0,50.0,9.11,14.57,-12.28,-13.73
TECHM,Mar 2024,51996,4506.0,2397,9.0,24.0,4.61,8.67,-52.0,-50.65
TECHM,TTM,52476,6223.0,3775,12.0,38.0,7.19,11.86,58.33,57.49
TITAN,Mar 2013,10123,1014.0,725,10.0,8.0,7.16,10.02,,
TITAN,Mar 2014,10927,1047.0,735,10.0,8.0,6.73,9.58,0.0,1.38
TITAN,Mar 2015,11913,1153.0,816,10.0,9.0,6.85,9.68,12.5,11.02
TITAN,Mar 2016,11276,939.0,675,8.0,8.0,5.99,8.33,-11.11,-17.28
TITAN,Mar 2017,13261,1164.0,697,9.0,8.0,5.26,8.78,0.0,3.26
TITAN,Mar 2018,16120,1644.0,1102,10.0,13.0,6.84,10.2,62.5,58.11
TITAN,Mar 2019,19779,1994.0,1389,10.0,16.0,7.02,10.08,23.08,26.04
TITAN,Mar 2020,21052,2463.0,1493,12.0,17.0,7.09,11.7,6.25,7.49
TITAN,Mar 2021,21644,1725.0,974,8.0,11.0,4.5,7.97,-35.29,-34.76
TITAN,Mar 2022,28799,3344.0,2198,12.0,24.0,7.63,11.61,118.18,125.67
TITAN,Mar 2023,40575,4882.0,3274,12.0,37.0,8.07,12.03,54.17,48.95
TITAN,Mar 2024,51084,5292.0,3496,10.0,39.0,6.84,10.36,5.41,6.78
TITAN,TTM,54458,5239.0,3243,10.0,37.0,5.96,9.62,-5.13,-7.24
TORNTPHARM,Mar 2013,3203,697.0,435,22.0,13.0,13.58,21.76,,
TORNTPHARM,Mar 2014,4172,955.0,664,23.0,20.0,15.92,22.89,53.85,52.64
TORNTPHARM,Mar 2015,4636,1020.0,751,22.0,22.0,16.2,22.0,10.0,13.1
TORNTPHARM,Mar 2016,6687,2733.0,1733,41.0,51.0,25.92,40.87,131.82,130.76
TORNTPHARM,Mar 2017,5816,1377.0,934,24.0,28.0,16.06,23.68,-45.1,-46.11
TORNTPHARM,Mar 2018,5950,1349.0,678,23.0,20.0,11.39,22.67,-28.57,-27.41
TORNTPHARM,Mar 2019,7673,1983.0,436,26.0,13.0,5.68,25.84,-35.0,-35.69
TORNTPHARM,Mar 2020,7939,2170.0,1025,27.0,30.0,12.91,27.33,130.77,135.09
TORNTPHARM,Mar 2021,8005,2480.0,1252,31.0,37.0,15.64,30.98,23.33,22.15
TORNTPHARM,Mar 2022,8508,2431.0,777,29.0,23.0,9.13,28.57,-37.84,-37.94
TORNTPHARM,Mar 2023,9620,2842.0,1245,30.0,37.0,12.94,29.54,60.87,60.23
TORNTPHARM,Mar 2024,10728,3368.0,1656,31.0,49.0,15.44,31.39,32.43,33.01
TORNTPHARM,TTM,11302,3640.0,1862,32.0,55.0,16.47,32.21,12.24,12.44
TRENT,Mar 2013,2132,5.0,-27,0.0,-1.0,-1.27,0.23,,
TRENT,Mar 2014,2333,-10.0,-19,0.0,-1.0,-0.81,-0.43,0.0,-29.63
TRENT,Mar 2015,2284,88.0,129,4.0,4.0,5.65,3.85,-500.0,-778.95
TRENT,Mar 2016,1686,90.0,55,5.0,2.0,3.26,5.34,-50.0,-57.36
TRENT,Mar 2017,1812,134.0,85,7.0,3.0,4.69,7.4,50.0,54.55
TRENT,Mar 2018,2157,208.0,87,10.0,3.0,4.03,9.64,0.0,2.35
TRENT,Mar 2019,2630,241.0,95,9.0,3.0,3.61,9.16,0.0,9.2
TRENT,Mar 2020,3486,529.0,106,15.0,3.0,3.04,15.17,0.0,11.58
TRENT,Mar 2021,2593,114.0,-181,4.0,-4.0,-6.98,4.4,-233.33,-270.75
TRENT,Mar 2022,4498,595.0,35,13.0,3.0,0.78,13.23,-175.0,-119.34
TRENT,Mar 2023,8242,1114.0,394,14.0,13.0,4.78,13.52,333.33,1025.71
TRENT,Mar 2024,12375,1971.0,1477,16.0,42.0,11.94,15.93,223.08,274.87
TRENT,TTM,15025,2354.0,1809,16.0,51.0,12.04,15.67,21.43,22.48
TVSMOTOR,Mar 2013,7510,438.0,198,6.0,4.0,2.64,5.83,,
TVSMOTOR,Mar 2014,8384,492.0,187,6.0,4.0,2.23,5.87,0.0,-5.56
TVSMOTOR,Mar 2015,10256,605.0,328,6.0,7.0,3.2,5.9,75.0,75.4
TVSMOTOR,Mar 2016,11377,819.0,429,7.0,9.0,3.77,7.2,28.57,30.79
TVSMOTOR,Mar 2017,12463,871.0,509,7.0,11.0,4.08,6.99,22.22,18.65
TVSMOTOR,Mar 2018,16340,1571.0,665,10.0,14.0,4.07,9.61,27.27,30.65
TVSMOTOR,Mar 2019,20160,2163.0,725,11.0,15.0,3.6,10.73,7.14,9.02
TVSMOTOR,Mar 2020,18849,2264.0,647,12.0,13.0,3.43,12.01,-13.33,-10.76
TVSMOTOR,Mar 2021,19421,2232.0,608,11.0,13.0,3.13,11.49,0.0,-6.03
TVSMOTOR,Mar 2022,24355,2755.0,731,11.0,16.0,3.0,11.31,23.08,20.23
TVSMOTOR,Mar 2023,31974,4027.0,1309,13.0,28.0,4.09,12.59,75.0,79.07
TVSMOTOR,Mar 2024,39145,5500.0,1779,14.0,36.0,4.54,14.05,28.57,35.91
TVSMOTOR,TTM,42886,6190.0,2094,14.0,42.0,4.88,14.43,16.67,17.71
ULTRACEMCO,Mar 2013,20514,4839.0,2688,24.0,98.0,13.1,23.59,,
ULTRACEMCO,Mar 2014,20730,4035.0,2213,19.0,80.0,10.68,19.46,-18.37,-17.67
ULTRACEMCO,Mar 2015,23306,4425.0,2102,19.0,76.0,9.02,18.99,-5.0,-5.02
ULTRACEMCO,Mar 2016,25153,4901.0,2480,19.0,90.0,9.86,19.48,18.42,17.98
ULTRACEMCO,Mar 2017,25375,5212.0,2714,21.0,99.0,10.7,20.54,10.0,9.44
ULTRACEMCO,Mar 2018,30979,6145.0,2224,20.0,81.0,7.18,19.84,-18.18,-18.05
ULTRACEMCO,Mar 2019,41462,7347.0,2400,18.0,88.0,5.79,17.72,8.64,7.91
ULTRACEMCO,Mar 2020,42430,9246.0,5751,22.0,199.0,13.55,21.79,126.14,139.63
ULTRACEMCO,Mar 2021,44726,11568.0,5462,26.0,189.0,12.21,25.86,-5.03,-5.03
ULTRACEMCO,Mar 2022,52599,11514.0,7334,22.0,254.0,13.94,21.89,34.39,34.27
ULTRACEMCO,Mar 2023,63240,10620.0,5073,17.0,175.0,8.02,16.79,-31.1,-30.83
ULTRACEMCO,Mar 2024,70908,12969.0,7004,18.0,243.0,9.88,18.29,38.86,38.06
ULTRACEMCO,TTM,71317,12056.0,6252,17.0,216.0,8.77,16.9,-11.11,-10.74
UNIONBANK,Mar 2013,25169,325.0,2146,1.0,36.0,8.53,1.29,,
UNIONBANK,Mar 2014,29394,-902.0,1687,-3.0,27.0,5.74,-3.07,-25.0,-21.39
UNIONBANK,Mar 2015,32164,-973.0,1771,-3.0,28.0,5.51,-3.03,3.7,4.98
UNIONBANK,Mar 2016,32316,-1928.0,1347,-6.0,20.0,4.17,-5.97,-28.57,-23.94
UNIONBANK,Mar 2017,32817,-4830.0,573,-15.0,8.0,1.75,-14.72,-60.0,-57.46
UNIONBANK,Mar 2018,32952,-11700.0,-5212,-36.0,-45.0,-15.82,-35.51,-662.5,-1009.6
UNIONBANK,Mar 2019,34314,-8601.0,-2922,-25.0,-17.0,-8.52,-25.07,-62.22,-43.94
UNIONBANK,Mar 2020,37479,-9523.0,-3121,-25.0,-9.0,-8.33,-25.41,-47.06,6.81
UNIONBANK,Mar 2021,69311,-11071.0,2863,-16.0,4.0,4.13,-15.97,-144.44,-191.73
UNIONBANK,Mar 2022,68230,-4213.0,5265,-6.0,8.0,7.72,-6.17,100.0,83.9
UNIONBANK,Mar 2023,81163,-3024.0,8512,-4.0,12.0,10.49,-3.73,50.0,61.67
UNIONBANK,Mar 2024,100376,4590.0,13797,5.0,18.0,13.75,4.57,50.0,62.09
UNIONBANK,TTM,107058,2090.0,16344,2.0,21.0,15.27,1.95,16.67,18.46
UNITDSPR,Mar 2013,10378,1091.0,-105,11.0,-2.0,-1.01,10.51,,
UNITDSPR,Mar 2014,10508,-3368.0,-4489,-32.0,-62.0,-42.72,-32.05,3000.0,4175.24
UNITDSPR,Mar 2015,9254,-366.0,-1687,-4.0,-23.0,-18.23,-3.96,-62.9,-62.42
UNITDSPR,Mar 2016,8495,333.0,143,4.0,2.0,1.68,3.92,-108.7,-108.48
UNITDSPR,Mar 2017,8818,991.0,93,11.0,1.0,1.05,11.24,-50.0,-34.97
UNITDSPR,Mar 2018,8591,1209.0,652,14.0,9.0,7.59,14.07,800.0,601.08
UNITDSPR,Mar 2019,9341,1394.0,684,15.0,10.0,7.32,14.92,11.11,4.91
UNITDSPR,Mar 2020,9325,1569.0,621,17.0,9.0,6.66,16.83,-10.0,-9.21
UNITDSPR,Mar 2021,8131,1051.0,362,13.0,5.0,4.45,12.93,-44.44,-41.71
UNITDSPR,Mar 2022,9712,1595.0,811,16.0,11.0,8.35,16.42,120.0,124.03
UNITDSPR,Mar 2023,10612,1417.0,1126,13.0,16.0,10.61,13.35,45.45,38.84
UNITDSPR,Mar 2024,11321,2000.0,1408,18.0,19.0,12.44,17.67,18.75,25.04
UNITDSPR,TTM,11821,2111.0,1402,18.0,19.0,11.86,17.86,0.0,-0.43
VBL,Dec 2012,1800,228.0,25,13.0,2.0,1.39,12.67,,
VBL,Dec 2013,2115,291.0,-40,14.0,0.0,-1.89,13.76,-100.0,-260.0
VBL,Dec 2014,2502,387.0,-20,15.0,0.0,-0.8,15.47,,-50.0
VBL,Dec 2015,3394,642.0,113,19.0,1.0,3.33,18.92,inf,-665.0
VBL,Dec 2016,3861,810.0,48,21.0,0.0,1.24,20.98,-100.0,-57.52
VBL,Dec 2017,4004,838.0,214,21.0,1.0,5.34,20.93,inf,345.83
VBL,Dec 2018,5105,1036.0,300,20.0,1.0,5.88,20.29,0.0,40.19
VBL,Dec 2019,7130,1462.0,472,21.0,1.0,6.62,20.5,0.0,57.33
VBL,Dec 2020,6450,1215.0,357,19.0,1.0,5.53,18.84,0.0,-24.36
VBL,Dec 2021,8823,1694.0,746,19.0,2.0,8.46,19.2,100.0,108.96
VBL,Dec 2022,13173,2863.0,1550,22.0,5.0,11.77,21.73,150.0,107.77
VBL,Dec 2023,16043,3717.0,2102,23.0,6.0,13.1,23.17,20.0,35.61
VBL,TTM,18987,4549.0,2582,24.0,8.0,13.6,23.96,33.33,22.84
VEDL,Mar 2013,2749,465.0,2280,17.0,26.0,82.94,16.92,,
VEDL,Mar 2014,66152,19595.0,11421,30.0,21.0,17.26,29.62,-19.23,400.92
VEDL,Mar 2015,73710,22114.0,-11369,30.0,-53.0,-15.42,30.0,-352.38,-199.54
VEDL,Mar 2016,64262,-18479.0,-17862,-29.0,-41.0,-27.8,-28.76,-22.64,57.11
VEDL,Mar 2017,72225,21376.0,11316,30.0,23.0,15.67,29.6,-156.1,-163.35
VEDL,Mar 2018,91866,24877.0,13692,27.0,28.0,14.9,27.08,21.74,21.0
VEDL,Mar 2019,92048,23171.0,9698,25.0,19.0,10.54,25.17,-32.14,-29.17
VEDL,Mar 2020,84447,20743.0,-4744,25.0,-18.0,-5.62,24.56,-194.74,-148.92
VEDL,Mar 2021,88021,27318.0,15032,31.0,31.0,17.08,31.04,-272.22,-416.86
VEDL,Mar 2022,132732,44824.0,23710,34.0,51.0,17.86,33.77,64.52,57.73
VEDL,Mar 2023,147308,34431.0,14503,23.0,28.0,9.85,23.37,-45.1,-38.83
VEDL,Mar 2024,143727,35312.0,7539,25.0,11.0,5.25,24.57,-60.71,-48.02
VEDL,TTM,144448,37072.0,15841,26.0,30.0,10.97,25.66,172.73,110.12
WIPRO,Mar 2013,37430,7657.0,6182,20.0,5.0,16.52,20.46,,
WIPRO,Mar 2014,43424,9635.0,7991,22.0,6.0,18.4,22.19,20.0,29.26
WIPRO,Mar 2015,46951,10299.0,8714,22.0,7.0,18.56,21.94,16.67,9.05
WIPRO,Mar 2016,51244,10796.0,8957,21.0,7.0,17.48,21.07,0.0,2.79
WIPRO,Mar 2017,55448,11321.0,8518,20.0,7.0,15.36,20.42,0.0,-4.9
WIPRO,Mar 2018,54487,10387.0,8003,19.0,7.0,14.69,19.06,0.0,-6.05
WIPRO,Mar 2019,59019,11613.0,9018,20.0,7.0,15.28,19.68,0.0,12.68
WIPRO,Mar 2020,61138,12342.0,9772,20.0,9.0,15.98,20.19,28.57,8.36
WIPRO,Mar 2021,61935,14771.0,10868,24.0,10.0,17.55,23.85,11.11,11.22
WIPRO,Mar 2022,79312,16684.0,12243,21.0,11.0,15.44,21.04,10.0,12.65
WIPRO,Mar 2023,90488,16839.0,11366,19.0,10.0,12.56,18.61,-9.09,-7.16
WIPRO,Mar 2024,89760,16752.0,11112,19.0,11.0,12.38,18.66,10.0,-2.23
WIPRO,TTM,88792,17773.0,12488,20.0,12.0,14.06,20.02,9.09,12.38
ZOMATO,Mar 2018,466,-92.0,-107,-20.0,-3070.0,-22.96,-19.74,,
ZOMATO,Mar 2019,1313,-2243.0,-1010,-171.0,-28574.0,-76.92,-170.83,830.75,843.93
ZOMATO,Mar 2020,2605,-2305.0,-2386,-88.0,-70097.0,-91.59,-88.48,145.32,136.24
ZOMATO,Mar 2021,1994,-467.0,-816,-23.0,-23124.0,-40.92,-23.42,-67.01,-65.8
ZOMATO,Mar 2022,4192,-1851.0,-1222,-44.0,-2.0,-29.15,-44.16,-99.99,49.75
ZOMATO,Mar 2023,7079,-1211.0,-971,-17.0,-1.0,-13.72,-17.11,-50.0,-20.54
ZOMATO,Mar 2024,12114,43.0,351,0.0,0.0,2.9,0.35,-100.0,-136.15
ZOMATO,TTM,17972,651.0,663,4.0,1.0,3.69,3.62,inf,88.89
ZYDUSLIFE,Mar 2013,6358,1130.0,690,18.0,6.0,10.85,17.77,,
ZYDUSLIFE,Mar 2014,7224,1203.0,836,17.0,8.0,11.57,16.65,33.33,21.16
ZYDUSLIFE,Mar 2015,8651,1756.0,1188,20.0,11.0,13.73,20.3,37.5,42.11
ZYDUSLIFE,Mar 2016,9427,2332.0,1964,25.0,19.0,20.83,24.74,72.73,65.32
ZYDUSLIFE,Mar 2017,9376,1902.0,1517,20.0,15.0,16.18,20.29,-21.05,-22.76
ZYDUSLIFE,Mar 2018,11905,2831.0,1810,24.0,17.0,15.2,23.78,13.33,19.31
ZYDUSLIFE,Mar 2019,13166,2991.0,1899,23.0,18.0,14.42,22.72,5.88,4.92
ZYDUSLIFE,Mar 2020,14253,2798.0,1204,20.0,11.0,8.45,19.63,-38.89,-36.6
ZYDUSLIFE,Mar 2021,14404,3391.0,2185,24.0,21.0,15.17,23.54,90.91,81.48
ZYDUSLIFE,Mar 2022,15110,3342.0,4618,22.0,44.0,30.56,22.12,109.52,111.35
ZYDUSLIFE,Mar 2023,17237,3860.0,2092,22.0,19.0,12.14,22.39,-56.82,-54.7
ZYDUSLIFE,Mar 2024,19547,5384.0,3973,28.0,38.0,20.33,27.54,100.0,89.91
ZYDUSLIFE,TTM,21484,6278.0,4439,29.0,43.0,20.66,29.22,13.16,11.73
INDIGO,Mar 2013,9203,8348.0,787,855.0,25647.0,8.55,90.71,,
INDIGO,Mar 2014,11117,10684.0,474,433.0,15454.0,4.26,96.11,-39.74,-39.77
INDIGO,Mar 2015,13925,12022.0,1304,1904.0,42481.0,9.36,86.33,174.89,175.11
INDIGO,Mar 2016,16140,12976.0,1986,3164.0,55.0,12.3,80.4,-99.87,52.3
INDIGO,Mar 2017,18580,16362.0,1659,2219.0,46.0,8.93,88.06,-16.36,-16.47
INDIGO,Mar 2018,23021,19991.0,2242,3030.0,58.0,9.74,86.84,26.09,35.14
INDIGO,Mar 2019,28497,28648.0,156,-151.0,4.0,0.55,100.53,-93.1,-93.04
INDIGO,Mar 2020,35756,31687.0,-248,4069.0,-6.0,-0.69,88.62,-250.0,-258.97
INDIGO,Mar 2021,14641,14638.0,-6171,2.0,-151.0,-42.15,99.98,2416.67,2388.31
INDIGO,Mar 2022,25931,25373.0,-317,558.0,-160.0,-1.22,97.85,5.96,-94.86
INDIGO,Mar 2023,54446,47926.0,-317,6521.0,-8.0,-0.58,88.02,-95.0,0.0
INDIGO,Mar 2024,68904,52573.0,8167,16331.0,212.0,11.85,76.3,-2750.0,-2676.34
INDIGO,TTM,76476,60568.0,6074,15908.0,157.0,7.94,79.2,-25.94,-25.63
